40000,60,34,43,414,42,41,10,412,500,47,45,421,42,418,485,41,0,40,415,0
25000,60,25,43,410,41,40,10,411,0,0,42,0,44,0,1064,41,0,40,412,0
25000,24,29,43,410,41,40,25,411,187,44,48,414,44,414,1472,40,0,41,415,0
15000,24,30,43,412,42,41,10,454,50,43,42,420,44,418,594,40,0,40,416,0
50000,60,49,42,413,43,41,10,420,448,43,42,418,46,419,1284,41,0,40,412,0
20000,48,42,43,414,43,42,25,412,609,44,42,413,42,418,1472,41,0,40,413,1
50000,60,35,43,419,42,41,1,411,175,43,42,417,46,420,542,40,0,40,414,1
40000,60,49,42,413,43,41,10,420,0,0,42,0,46,0,1284,41,0,40,419,0
20000,24,43,43,418,42,42,10,412,625,46,48,428,42,418,1118,41,0,41,415,0
15000,12,34,43,412,42,41,25,410,859,43,45,428,44,420,269,40,0,40,419,0
20000,60,45,41,418,42,42,25,410,983,42,42,415,42,422,149,40,0,40,411,0
20000,60,39,43,411,43,41,10,431,0,0,42,0,42,0,153,41,0,40,413,1
35000,60,47,43,419,43,42,10,412,788,45,42,418,44,422,1472,40,0,40,412,0
50000,60,37,43,416,42,42,10,412,0,0,42,0,44,0,975,41,0,40,419,1
10000,24,59,41,414,43,43,10,412,610,47,42,418,44,422,1472,40,0,40,410,0
27000,60,46,41,418,42,43,1,404,0,0,42,0,46,0,1048,40,0,40,413,1
10000,48,35,43,419,42,42,1,411,0,0,42,0,42,0,63,40,0,42,419,0
30000,48,34,43,410,41,40,10,410,0,0,42,0,41,0,485,41,0,40,412,0
50000,60,24,43,413,42,40,10,412,0,0,45,0,44,0,59,40,0,40,415,0
20000,24,37,43,417,42,44,25,412,611,42,42,420,41,421,734,40,0,43,419,0
35000,48,26,43,412,42,40,10,410,732,46,42,417,43,418,1279,40,0,40,419,0
25000,60,37,43,413,42,40,10,414,313,44,42,424,44,414,1304,40,0,40,418,0
18000,48,61,42,419,43,41,10,411,96,46,42,418,44,418,57,40,0,40,412,1
30000,36,24,42,412,41,40,10,431,0,0,42,0,41,0,864,41,0,40,419,0
31000,36,34,41,413,42,42,10,412,707,46,42,428,45,414,485,41,0,40,411,0
30000,48,27,42,413,41,40,10,412,0,0,42,0,42,0,137,40,0,41,412,0
30000,60,37,43,410,41,40,25,412,729,42,42,412,44,422,1296,40,0,41,412,0
25000,60,51,41,419,42,43,10,410,0,0,42,0,46,0,356,40,0,40,419,0
50000,60,48,41,417,41,41,25,410,859,43,47,422,46,422,1311,41,0,40,412,0
50000,60,32,43,416,42,43,25,431,0,0,42,0,41,0,78,41,0,40,414,0
25000,36,33,43,410,42,42,10,409,63,43,47,414,41,414,1401,41,0,40,410,0
50000,24,39,41,412,42,42,25,412,540,42,45,426,42,422,144,40,0,40,412,0
9000,11,53,43,419,43,43,1,411,94,46,46,418,44,420,153,40,0,40,413,0
50000,48,31,41,411,42,41,10,431,33,46,42,426,45,414,321,40,0,40,411,0
10000,24,35,43,414,41,40,10,412,0,0,42,0,41,0,485,40,0,40,412,0
35000,60,54,41,418,42,43,1,414,363,42,42,421,42,422,400,40,0,40,411,0
30000,60,45,43,414,42,41,25,412,0,0,42,0,44,0,1342,41,0,40,419,0
50000,60,51,43,417,42,42,25,410,858,44,41,424,44,422,1040,40,0,40,413,0
30000,48,49,41,419,43,44,25,412,447,43,42,420,42,415,1308,41,0,42,419,0
30000,60,49,42,419,41,40,10,446,506,47,42,423,44,418,1456,41,0,40,413,0
35000,60,43,43,419,43,43,10,412,707,45,42,420,41,417,1057,40,0,42,412,0
50000,60,49,43,416,42,41,25,410,0,0,42,0,47,0,417,40,0,40,417,0
50000,36,57,41,419,43,42,10,412,0,0,42,0,44,0,1285,41,0,40,411,0
50000,60,40,41,414,42,42,10,412,0,0,42,0,42,0,756,40,0,40,411,0
25000,60,61,43,416,42,44,10,412,650,42,42,412,42,415,144,40,0,40,413,0
20000,60,30,42,415,42,40,10,412,731,46,42,412,42,418,160,41,0,40,411,1
30000,60,47,41,414,42,43,10,417,668,43,42,428,41,422,466,41,0,40,413,0
15000,24,56,41,412,43,42,10,420,0,0,42,0,45,0,594,41,0,40,416,1
50000,60,48,41,419,42,42,25,446,0,0,45,0,41,0,1218,40,0,40,413,1
15000,48,23,42,412,42,41,25,412,0,0,42,0,44,0,1405,41,0,40,416,0
15000,48,23,42,412,42,41,25,412,0,0,44,0,44,0,1405,41,0,40,416,0
18000,36,49,41,419,43,44,25,412,447,43,42,420,42,416,1308,41,0,42,412,0
10000,12,25,42,413,41,40,10,411,0,0,42,0,41,0,594,41,0,40,412,0
15000,36,27,43,413,42,42,25,411,151,43,42,420,44,417,1472,40,0,41,412,0
15000,24,49,43,416,43,41,25,417,679,46,45,418,46,418,666,40,0,40,417,0
25000,60,61,43,416,42,44,10,412,650,41,42,414,42,417,144,40,0,40,410,0
50000,60,23,42,410,41,40,10,414,355,43,42,418,44,415,137,41,0,40,412,0
15000,24,27,42,410,41,40,10,410,752,43,42,413,44,419,853,40,0,40,413,1
40000,48,43,43,411,42,44,25,420,566,42,42,423,42,414,153,40,0,40,410,0
50000,24,32,42,418,43,40,25,411,104,42,42,414,44,422,471,40,0,40,418,0
10000,60,35,43,418,42,42,1,412,631,46,42,424,42,419,153,41,0,40,412,0
5000,11,24,43,411,41,40,10,412,703,42,42,411,42,412,485,41,0,40,412,0
48000,48,39,43,419,43,40,25,420,0,0,45,0,46,0,1271,40,0,40,412,0
20000,24,27,42,412,41,40,25,412,726,44,42,415,42,418,1055,41,0,40,412,0
30000,60,23,43,417,41,40,10,412,558,43,42,418,41,413,59,40,0,40,417,0
5000,6,25,42,411,41,40,10,420,422,42,42,413,41,411,1064,40,0,40,413,0
20000,24,27,42,412,41,40,25,412,726,44,42,415,42,418,1055,41,0,40,412,0
20000,24,27,42,412,41,40,25,412,726,44,42,415,42,418,1055,41,0,40,412,0
42000,24,24,42,412,41,40,10,410,983,46,42,414,43,414,383,41,0,40,417,0
10000,24,31,41,411,42,42,25,412,618,43,42,422,44,419,49,41,0,40,412,0
30000,36,33,43,411,41,40,25,412,202,43,42,421,41,412,485,40,0,40,417,0
12000,12,25,42,413,41,40,10,410,977,43,45,424,42,418,184,40,0,41,412,0
15000,24,37,41,412,42,42,25,412,551,43,42,422,44,422,1275,40,0,40,413,1
13000,24,53,43,414,44,41,10,420,422,46,42,414,42,415,1064,41,0,40,418,0
10000,24,35,42,412,41,40,10,412,0,0,41,0,44,0,1444,40,0,40,412,0
20000,24,35,42,414,41,40,25,410,0,0,42,0,42,0,450,40,0,40,412,0
25000,48,34,43,411,41,40,1,420,416,46,44,413,44,421,137,40,0,40,410,0
20000,24,32,43,411,41,40,25,412,0,0,42,0,41,0,485,40,0,40,417,0
35000,60,28,42,415,42,40,1,414,0,0,42,0,42,0,1323,40,0,40,410,0
10000,36,22,42,413,41,40,10,412,0,0,44,0,43,0,526,40,0,40,416,0
50000,60,61,41,419,42,44,10,420,0,0,42,0,41,0,1351,41,0,41,412,0
20000,24,45,43,417,42,43,10,411,0,0,45,0,44,0,672,40,0,40,412,0
35000,48,65,43,419,43,43,10,404,0,0,42,0,44,0,125,40,0,40,414,1
40000,24,49,41,417,42,42,25,412,0,0,45,0,42,0,1311,40,0,40,415,1
50000,48,60,41,419,42,43,25,420,447,42,45,428,46,422,979,40,0,40,415,0
30000,36,37,43,412,41,40,10,412,661,46,42,419,45,414,434,41,0,40,410,0
40000,60,30,43,412,42,41,10,420,0,0,42,0,41,0,1342,40,0,40,410,0
50000,48,67,43,411,43,43,10,404,171,45,42,417,47,418,269,40,0,40,414,0
50000,24,43,41,419,43,40,25,410,857,42,42,428,47,418,153,40,0,40,411,0
10000,36,25,43,411,42,44,25,411,516,42,42,416,41,418,854,41,0,40,411,0
5000,10,26,43,410,41,40,1,410,900,44,42,420,43,419,1344,40,0,40,412,0
30000,60,28,41,412,41,40,25,412,0,0,42,0,42,0,1275,40,0,40,411,0
15000,60,30,41,413,41,40,10,412,0,0,44,0,44,0,46,40,0,42,412,0
20000,24,53,43,419,42,42,1,412,606,43,46,414,41,413,1472,41,0,40,411,0
10000,60,27,43,414,41,40,10,420,0,0,44,0,42,0,153,40,0,40,412,1
50000,60,35,43,418,42,42,1,412,0,0,42,0,46,0,46,40,0,40,411,0
50000,36,29,42,412,41,40,10,410,657,43,42,415,44,420,471,40,0,40,412,1
25000,36,48,41,414,42,43,10,410,0,0,42,0,47,0,1311,41,0,40,416,0
50000,36,26,43,412,41,40,25,412,627,42,42,413,41,412,690,40,0,40,417,0
20000,60,26,42,414,41,40,10,410,0,0,42,0,42,0,1405,41,0,40,419,0
10000,24,34,43,411,42,42,10,414,369,46,42,421,44,417,853,40,0,40,412,0
20000,60,41,42,413,43,42,25,431,0,0,48,0,44,0,1432,40,0,40,413,0
20000,60,41,41,413,42,42,25,431,0,0,42,0,47,0,946,40,0,40,413,0
40000,60,42,41,413,42,43,10,411,98,42,45,420,44,422,1248,41,0,41,415,0
40000,60,58,41,411,42,46,10,410,927,42,42,418,42,412,1287,40,0,40,411,0
10000,12,43,43,418,42,42,25,411,112,43,45,414,41,421,249,41,0,40,413,0
7000,11,29,43,413,41,40,25,412,0,0,44,0,41,0,1472,40,0,40,416,0
50000,60,72,41,411,44,40,1,411,42,43,46,414,44,422,1064,41,0,40,412,0
50000,12,22,42,416,41,40,25,410,0,0,48,0,42,0,1055,40,0,40,415,0
10000,24,31,42,416,41,46,1,412,0,0,44,0,41,0,149,40,0,40,418,0
40000,60,32,41,412,42,42,25,420,427,43,45,425,46,413,144,40,0,40,419,0
10000,24,30,42,412,41,47,1,412,0,0,43,0,41,0,149,40,0,43,418,0
20000,36,34,43,418,42,41,10,411,100,45,42,428,44,419,1311,40,0,40,412,0
20000,24,48,41,419,42,43,1,414,369,46,42,423,44,421,594,40,0,40,412,1
50000,60,52,41,419,42,43,10,404,0,0,42,0,41,0,78,40,0,40,414,0
50000,36,24,42,417,41,40,10,412,0,0,42,0,42,0,312,40,0,40,412,0
8000,11,30,41,413,42,40,10,412,0,0,42,0,41,0,756,40,0,40,412,0
11000,36,28,41,416,41,40,10,404,7,47,42,417,45,415,2,41,0,40,411,0
21000,60,41,43,415,43,46,10,411,398,46,42,420,44,418,1218,41,0,40,419,0
10000,12,55,43,419,43,41,10,420,454,44,42,415,41,416,594,41,0,43,417,0
25000,60,58,41,419,42,40,10,412,668,44,42,425,46,422,153,40,0,40,414,1
30000,60,32,43,411,41,41,10,410,970,43,42,414,46,422,485,41,0,40,412,0
18000,24,38,43,417,41,40,10,410,0,0,45,0,42,0,144,40,0,41,412,0
50000,48,26,43,416,41,40,25,410,987,42,42,417,41,416,1478,40,0,40,411,0
20000,60,26,42,414,41,40,10,410,0,0,42,0,42,0,1405,41,0,40,419,0
10000,36,26,43,413,42,42,10,412,0,0,42,0,41,0,854,40,0,40,412,0
45000,48,48,43,418,43,41,25,420,442,44,48,416,46,412,946,41,0,40,415,0
20000,48,55,41,419,43,41,10,420,413,43,45,418,44,418,1472,41,0,42,419,0
30000,48,33,41,413,41,40,10,411,516,43,42,413,44,413,971,40,0,40,411,0
35000,24,39,43,413,42,42,10,413,0,0,42,0,45,0,312,40,0,40,419,0
27000,48,39,42,413,42,42,10,411,0,0,42,0,42,0,153,41,0,40,411,0
50000,60,29,41,412,42,42,1,411,321,47,41,425,44,414,594,41,0,40,419,0
5000,11,27,42,413,41,41,1,410,0,0,47,0,44,0,1405,41,0,40,412,0
50000,60,62,44,419,41,40,10,404,114,43,46,417,42,422,629,40,0,40,419,1
40000,60,42,41,419,42,42,10,411,0,0,42,0,42,0,542,40,0,40,410,0
30000,12,68,41,414,42,42,25,411,145,46,45,428,46,422,1344,40,0,40,412,0
50000,60,48,43,418,43,43,10,412,0,0,45,0,44,0,269,41,0,40,419,0
13000,24,42,43,410,42,45,10,411,418,43,45,423,44,415,1311,40,0,40,419,0
50000,60,28,42,412,41,40,10,412,582,43,42,415,42,420,775,40,0,40,415,0
50000,60,24,43,414,42,42,10,412,644,43,42,415,46,418,78,40,0,40,412,1
50000,48,33,42,411,42,42,10,431,22,43,42,419,44,419,78,40,0,41,414,0
50000,60,46,43,411,43,44,10,410,863,43,42,418,42,417,471,40,0,40,412,1
50000,60,37,43,413,41,40,10,412,677,44,41,414,44,422,1472,41,0,40,414,0
10000,60,36,43,411,42,45,1,412,0,0,42,0,46,0,919,40,0,40,419,0
50000,36,30,43,413,42,42,10,411,94,42,48,425,42,414,153,41,0,40,415,0
40000,60,40,43,412,42,43,10,411,0,0,42,0,42,0,1342,40,0,40,412,0
28000,48,29,42,414,41,40,10,412,0,0,43,0,42,0,1218,40,0,40,417,0
10000,11,23,42,410,41,40,10,412,0,0,42,0,42,0,144,40,0,40,419,0
50000,60,30,43,413,42,42,25,431,37,43,42,426,42,416,672,41,0,40,418,0
10000,7,26,42,414,41,40,10,410,0,0,42,0,44,0,1405,41,0,40,419,0
50000,24,69,41,419,42,43,10,410,911,46,46,423,46,422,594,41,0,40,411,0
50000,60,35,41,413,42,42,1,412,642,46,42,421,44,422,269,40,0,40,410,0
30000,36,50,41,413,43,44,10,412,738,44,42,415,41,422,1178,41,0,40,411,0
10000,60,29,42,418,41,40,10,431,33,43,42,415,42,417,137,40,0,40,418,0
30000,60,69,41,419,42,44,10,431,64,45,45,422,44,422,434,40,0,40,412,0
12000,36,28,42,410,41,40,10,410,861,44,42,413,41,412,269,40,0,40,412,0
12000,36,26,43,412,41,40,10,411,117,43,42,416,44,415,1045,41,0,40,412,0
20000,48,34,43,414,42,40,10,420,0,0,42,0,42,0,521,40,0,40,412,0
29000,24,24,41,417,41,40,1,412,3,43,42,425,42,415,2,40,0,40,415,0
10000,24,59,41,414,41,43,10,412,610,47,42,418,44,411,1472,40,0,40,410,0
25000,48,50,41,419,43,42,25,414,0,0,42,0,46,0,1311,41,0,40,412,1
50000,60,40,43,413,42,42,10,420,505,43,42,416,41,414,485,40,0,40,419,0
10000,48,56,41,419,43,43,1,411,303,47,42,428,44,419,775,41,0,40,411,0
50000,60,23,43,412,42,40,10,411,43,42,42,412,41,414,1342,41,0,40,419,0
50000,24,37,41,416,42,42,25,410,797,44,48,426,46,417,594,40,0,40,412,0
50000,36,32,42,418,43,40,10,411,0,0,42,0,42,0,471,40,0,40,418,0
10000,24,23,43,412,41,40,10,412,0,0,44,0,44,0,1218,40,0,41,412,0
36000,60,55,41,419,42,43,10,412,732,45,42,427,42,422,1239,40,0,40,415,0
35000,48,24,41,413,41,40,25,412,536,43,45,428,45,414,1342,40,0,40,417,0
29000,36,28,42,415,41,40,25,411,175,42,45,417,41,411,137,40,0,40,413,0
15000,48,23,42,413,41,40,25,412,0,0,42,0,44,0,1255,41,0,40,410,1
10000,12,31,43,417,41,40,1,412,449,46,42,410,46,412,1055,41,0,40,412,0
12000,12,35,42,411,41,40,10,420,0,0,42,0,44,0,1472,40,0,41,419,0
50000,36,23,42,414,41,40,10,412,665,43,42,428,41,416,526,40,0,40,419,0
15000,12,32,43,412,42,42,10,412,0,0,42,0,41,0,153,41,0,40,412,0
8000,8,22,43,411,41,40,10,411,111,43,42,415,42,414,400,40,0,40,415,0
10000,24,34,42,414,41,40,25,412,637,43,42,427,44,413,185,40,0,40,414,0
26000,60,45,43,416,42,41,1,410,949,43,42,421,46,422,434,40,0,40,410,0
20000,36,43,43,414,43,44,10,412,738,41,42,413,41,417,1178,40,0,40,413,0
40000,60,34,42,413,41,40,25,431,0,0,42,0,44,0,521,40,0,40,410,0
7000,11,30,42,415,42,41,10,410,924,42,42,417,42,417,153,40,0,40,412,0
50000,36,33,43,413,42,42,10,411,139,42,42,426,42,415,107,40,0,42,415,0
18000,36,28,43,411,41,40,10,412,576,46,42,428,42,422,434,41,0,42,410,0
18000,60,33,41,418,42,43,25,410,29,47,42,423,44,418,83,41,0,40,412,0
25000,24,23,42,411,41,40,10,410,925,42,42,413,44,411,144,40,0,40,410,0
10000,36,44,41,419,42,42,1,411,128,43,42,420,46,422,144,40,0,41,412,0
50000,36,31,42,411,41,40,10,431,0,0,42,0,41,0,1284,40,0,41,419,0
40000,60,39,43,414,42,41,10,410,0,0,42,0,44,0,78,40,0,41,412,0
50000,60,23,42,413,41,40,10,412,0,0,48,0,44,0,144,40,0,41,415,0
30000,24,28,42,415,41,40,1,411,95,43,42,417,44,419,447,40,0,40,416,0
30000,60,26,43,410,41,40,10,410,816,44,42,414,44,414,1472,41,0,40,410,0
15000,12,25,42,412,41,40,10,410,0,0,42,0,41,0,1472,40,0,40,419,0
15000,60,25,42,412,41,40,10,410,0,0,42,0,41,0,1472,40,0,40,419,0
50000,60,34,41,415,42,41,10,410,0,0,42,0,47,0,342,40,0,40,413,0
8000,11,35,42,418,41,40,1,412,0,0,48,0,44,0,1444,40,0,40,415,0
15000,36,35,42,418,41,40,1,412,0,0,48,0,44,0,1444,40,0,40,415,0
25000,24,31,43,418,42,41,25,411,132,43,41,420,42,417,594,40,0,40,412,0
26000,24,45,43,416,42,41,1,410,949,43,42,421,44,422,434,40,0,40,410,0
12000,36,30,42,410,42,41,10,412,0,0,42,0,41,0,355,40,0,42,412,0
25000,48,46,41,417,42,42,1,411,152,46,42,428,47,422,1472,40,0,40,413,1
20000,48,36,43,415,41,40,25,404,0,0,42,0,42,0,734,40,0,40,412,1
25000,36,44,41,413,42,43,10,414,315,46,42,428,46,418,775,40,0,40,412,1
50000,60,67,41,419,42,43,25,410,899,43,46,418,42,417,1288,40,0,40,414,0
30000,60,39,41,414,43,42,10,412,0,0,42,0,44,0,1218,41,0,40,417,1
5000,11,26,42,411,41,40,10,413,144,42,42,415,44,418,49,40,0,40,419,1
30000,60,53,41,419,42,44,25,420,0,0,42,0,44,0,610,41,0,40,412,0
15000,12,37,41,412,42,43,25,412,0,0,42,0,47,0,775,40,0,40,412,0
10000,36,38,43,418,42,43,1,404,120,47,42,422,44,415,594,40,0,40,414,0
30000,48,25,42,413,41,40,10,410,624,43,42,415,44,417,1056,40,0,40,410,0
5000,10,36,42,416,42,42,10,420,0,0,42,0,44,0,153,40,0,40,412,0
50000,60,32,41,413,41,40,10,411,321,43,42,415,42,422,252,40,0,40,412,0
25000,48,30,42,412,41,40,10,411,188,43,42,415,44,414,1472,41,0,40,417,0
20000,48,48,41,419,42,43,1,414,0,0,42,0,46,0,471,40,0,40,411,0
20000,48,64,43,419,42,44,10,412,657,43,42,427,46,415,555,41,0,40,418,0
30000,60,36,43,411,41,40,10,412,0,0,45,0,44,0,1285,40,0,40,412,0
50000,60,25,43,411,41,40,10,412,604,42,41,411,44,414,1472,40,0,40,417,0
50000,60,38,42,414,42,41,10,420,0,0,42,0,42,0,46,40,0,40,411,0
15000,12,27,42,412,41,40,10,411,0,0,42,0,44,0,137,40,0,41,413,0
50000,60,39,43,411,43,40,25,404,142,43,42,423,42,419,1178,40,0,40,411,0
50000,60,26,43,411,42,42,25,411,0,0,41,0,41,0,594,40,0,40,413,0
30000,36,47,41,413,42,43,10,410,940,45,42,422,44,421,134,40,0,40,412,0
20000,48,44,43,414,41,40,25,412,0,0,45,0,42,0,1344,40,0,40,412,0
30000,60,36,43,412,42,43,10,411,0,0,42,0,42,0,1064,40,0,40,412,0
25000,60,32,42,411,41,40,10,411,0,0,41,0,44,0,1472,40,0,40,412,1
20000,60,25,43,412,41,40,10,410,859,44,48,417,44,418,446,40,0,41,415,0
9000,11,36,42,410,41,40,1,410,976,43,47,410,42,422,1304,40,0,40,419,0
20000,36,24,43,413,42,40,25,411,49,42,42,413,42,413,488,41,0,41,419,0
40000,60,63,41,419,42,44,10,404,124,45,42,415,42,422,153,40,0,40,411,0
20000,24,22,42,411,41,40,25,420,0,0,42,0,44,0,1218,40,0,40,412,0
30000,36,24,43,413,42,40,25,431,94,42,42,413,41,412,1472,41,0,40,419,0
30000,36,22,42,411,41,40,25,412,700,43,42,411,41,412,485,40,0,40,417,0
35000,60,33,43,411,41,41,10,410,985,43,42,417,42,419,1472,41,0,40,411,0
35000,60,46,41,419,43,42,10,431,0,0,42,0,41,0,153,41,0,41,412,0
7000,7,36,43,413,41,40,1,412,0,0,42,0,41,0,1285,40,0,40,419,0
5000,11,37,43,411,43,41,10,411,0,0,42,0,44,0,1344,41,0,40,417,0
25000,60,33,42,418,42,43,10,412,0,0,42,0,42,0,594,41,0,40,411,0
50000,60,48,41,419,42,45,25,411,95,43,48,428,46,419,245,40,0,40,414,0
18000,60,25,43,412,41,40,10,410,859,44,45,417,44,418,446,40,0,40,415,0
50000,60,28,43,414,42,42,10,412,727,43,42,423,42,422,1281,41,0,43,414,0
50000,60,39,41,419,42,43,25,411,138,43,42,419,42,414,1292,40,0,40,417,0
50000,60,49,41,419,44,42,10,410,921,43,42,418,44,422,153,41,0,40,411,1
30000,12,56,41,419,42,40,25,412,547,44,42,428,46,417,733,40,0,40,414,0
50000,60,23,42,413,41,40,25,410,678,46,44,419,44,415,137,41,0,40,418,0
50000,60,26,42,414,41,40,10,420,0,0,42,0,41,0,734,40,0,40,412,0
12000,48,31,43,414,41,40,10,410,0,0,42,0,42,0,1472,41,0,40,419,0
10000,12,59,41,415,43,43,10,412,610,47,42,418,44,421,1472,40,0,40,410,0
20000,60,35,43,413,42,43,10,411,0,0,42,0,44,0,137,41,0,40,412,0
6000,11,25,43,410,41,40,10,414,0,0,42,0,44,0,1344,40,0,40,412,0
50000,60,62,41,418,42,40,10,414,345,48,42,428,45,422,820,40,0,40,412,1
50000,48,47,41,419,42,40,25,412,613,44,42,423,44,420,1344,41,0,40,414,0
40000,48,28,42,419,41,40,10,412,728,42,42,417,42,420,761,40,0,40,419,0
40000,60,31,41,415,42,42,25,420,468,43,42,420,44,418,521,40,0,40,411,0
50000,60,26,43,413,42,43,25,420,0,0,42,0,44,0,224,40,0,40,419,0
25000,48,46,41,413,43,43,25,412,722,44,42,414,44,417,1350,40,0,43,412,0
20000,36,52,41,418,42,42,25,411,0,0,42,0,42,0,471,41,0,40,411,0
50000,60,41,41,413,42,43,10,420,444,47,45,428,47,412,485,40,0,40,411,1
50000,60,33,43,414,41,40,10,410,0,0,42,0,46,0,1472,40,0,40,414,0
50000,60,30,41,415,42,42,10,414,398,46,42,428,44,419,722,40,0,40,419,0
6000,6,24,42,411,41,40,25,417,686,43,41,415,44,413,471,41,0,40,412,0
50000,48,24,42,410,42,42,25,412,618,43,42,418,42,420,1342,40,0,40,411,0
20000,60,35,43,419,42,42,25,411,0,0,42,0,41,0,1281,41,0,43,412,0
20000,24,37,43,411,42,44,10,410,0,0,42,0,41,0,594,41,0,41,419,0
50000,48,36,41,412,42,41,10,413,0,0,42,0,47,0,1057,40,0,40,411,0
9000,11,34,43,418,41,40,10,414,0,0,42,0,42,0,1296,40,0,40,412,0
50000,36,30,43,417,42,42,25,446,0,0,42,0,44,0,1342,41,0,40,419,0
50000,60,36,43,412,42,42,1,410,814,47,42,415,44,413,775,40,0,40,412,1
30000,24,32,41,418,42,43,10,446,0,0,42,0,44,0,1078,41,0,40,411,0
20000,60,43,41,419,42,44,10,412,732,45,42,424,42,422,1192,40,0,40,412,0
50000,60,30,42,417,42,42,25,411,68,43,45,423,45,421,594,40,0,40,412,0
20000,60,29,42,412,41,40,10,409,17,44,42,428,42,415,526,41,0,40,412,0
50000,60,34,42,411,41,40,1,412,0,0,42,0,41,0,709,40,0,40,412,0
50000,60,44,41,419,42,44,10,404,142,46,42,419,46,415,1055,40,0,40,419,1
20000,60,28,42,410,41,40,10,410,0,0,41,0,42,0,153,40,0,40,413,0
15000,24,29,42,412,41,40,25,410,0,0,42,0,44,0,434,40,0,40,412,0
10000,60,36,43,412,41,40,10,412,0,0,42,0,42,0,542,41,0,41,412,0
50000,60,42,43,419,42,43,25,412,603,43,42,428,45,422,1472,40,0,40,412,0
30000,24,34,41,418,42,43,10,404,401,44,42,421,44,415,107,40,0,40,411,0
50000,60,55,41,419,43,43,10,412,618,42,42,419,42,422,1342,40,0,40,418,0
34000,36,33,41,415,42,42,10,411,0,0,42,0,44,0,366,40,0,40,412,0
20000,60,44,41,418,41,40,25,413,0,0,46,0,44,0,651,40,0,40,412,1
48000,48,43,41,414,43,42,25,410,0,0,42,0,42,0,1344,41,0,42,412,0
50000,60,59,42,413,43,43,25,431,22,42,42,413,42,422,1064,40,0,40,414,0
39000,48,51,43,413,43,42,10,420,518,43,42,427,42,419,447,41,0,40,412,0
25000,60,24,42,411,41,40,25,420,0,0,42,0,44,0,1311,40,0,40,416,0
39000,48,51,43,413,43,42,10,420,518,43,42,427,44,419,447,41,0,40,412,0
50000,60,50,41,419,42,43,10,412,0,0,45,0,45,0,1017,40,0,40,413,0
10000,24,28,43,411,41,40,1,410,804,46,42,421,45,415,1472,41,0,41,413,0
50000,60,66,43,416,44,44,10,412,607,46,46,417,42,422,1472,41,0,40,413,0
30000,60,26,41,412,41,43,10,410,859,41,42,423,41,412,1311,40,0,41,413,0
5000,11,28,43,411,41,40,10,412,766,43,42,415,41,421,1344,41,0,40,412,0
50000,60,48,41,413,43,41,10,412,543,46,42,428,46,421,1502,40,0,40,411,0
25000,60,40,43,414,43,40,10,410,0,0,42,0,42,0,706,40,0,40,412,0
50000,60,53,43,414,42,42,25,412,722,43,42,414,41,422,561,40,0,42,412,0
30000,36,51,41,419,42,43,10,410,960,43,42,425,44,421,1157,41,0,40,419,0
6000,11,29,43,413,41,40,10,404,0,0,42,0,44,0,1344,41,0,40,412,1
15000,48,30,43,418,41,40,10,420,0,0,45,0,45,0,1472,40,0,40,412,0
32000,36,29,42,412,41,40,10,431,0,0,49,0,41,0,153,40,0,40,410,0
50000,36,22,42,413,41,40,10,411,2,41,45,416,41,414,688,40,0,40,412,0
10000,10,26,43,411,41,40,10,412,698,42,42,414,44,419,1472,40,0,42,419,0
50000,36,69,41,418,43,43,10,414,361,43,42,413,44,414,1472,41,0,40,418,0
30000,36,52,41,419,42,42,10,420,443,44,42,428,42,422,946,40,0,40,411,1
30000,48,26,43,410,41,40,10,412,0,0,44,0,43,0,153,40,0,40,419,0
50000,60,23,42,413,41,40,25,410,678,46,44,419,44,415,137,41,0,40,418,0
10000,24,32,42,417,41,40,1,404,245,42,41,412,44,412,204,41,0,41,412,0
40000,60,37,43,414,42,42,10,412,717,43,45,421,44,422,1064,40,0,40,412,0
15000,36,45,43,419,43,43,10,411,0,0,42,0,44,0,672,41,0,40,417,0
50000,60,49,43,419,41,40,25,410,821,44,49,416,44,420,1472,40,0,40,415,0
30000,36,43,43,412,43,44,10,420,0,0,42,0,46,0,594,41,0,41,419,0
45000,36,34,43,419,41,40,10,411,0,0,42,0,44,0,153,40,0,40,412,0
50000,60,46,41,419,42,43,10,411,111,43,42,422,42,422,400,40,0,40,414,0
12000,24,37,43,414,42,42,10,404,124,43,42,424,44,415,46,40,0,40,412,0
35000,60,33,43,411,41,41,25,410,803,43,42,417,44,422,1472,41,0,40,411,0
50000,60,56,43,413,42,40,10,412,636,46,42,424,44,422,1045,40,0,40,417,0
20000,24,26,42,416,41,40,10,420,0,0,42,0,41,0,1297,41,0,43,412,0
47000,24,35,43,413,41,40,1,410,0,0,42,0,46,0,1344,40,0,43,419,0
25000,12,35,41,413,41,40,1,410,0,0,42,0,46,0,1344,40,0,40,419,1
41000,60,70,43,414,43,43,25,411,96,47,48,423,44,413,1218,40,0,40,419,0
50000,60,25,42,411,41,40,10,410,962,42,42,414,42,418,1432,40,0,41,412,0
50000,60,39,43,413,44,44,1,411,0,0,42,0,41,0,144,41,0,40,419,0
50000,60,24,42,414,41,40,10,412,0,0,42,0,42,0,946,41,0,40,412,0
15000,36,46,43,413,44,42,10,411,0,0,45,0,44,0,153,41,0,40,412,0
10000,11,26,41,410,42,42,10,412,486,43,42,415,44,414,1318,40,0,40,416,0
50000,24,27,41,416,42,41,25,412,0,0,45,0,42,0,356,40,0,40,411,0
40000,60,36,43,414,42,44,10,412,0,0,41,0,41,0,1063,41,0,41,410,0
5000,11,31,43,416,42,42,1,412,645,43,42,423,42,417,1287,41,0,40,414,0
40000,24,38,41,414,42,42,10,414,0,0,42,0,41,0,980,40,0,40,412,0
50000,60,25,42,415,41,40,10,412,0,0,44,0,43,0,417,41,0,40,416,0
50000,48,29,43,415,41,40,25,410,900,43,42,421,42,417,1292,40,0,40,413,1
23000,48,22,43,414,41,40,10,410,924,44,42,417,42,415,153,40,0,40,419,0
20000,36,53,43,415,44,43,10,412,622,42,41,415,42,422,304,41,0,40,411,0
20000,24,56,41,417,42,45,10,420,0,0,45,0,46,0,292,40,0,40,412,0
15000,24,28,43,413,42,43,10,420,0,0,42,0,41,0,235,40,0,40,412,1
25000,48,51,41,419,42,42,1,404,0,0,42,0,44,0,1297,40,0,40,412,0
50000,60,49,43,419,41,41,10,446,0,0,42,0,41,0,137,41,0,41,419,0
16000,48,35,43,411,41,40,10,412,783,43,42,417,44,418,1344,40,0,40,412,1
50000,60,31,42,413,41,40,1,412,548,46,45,421,45,413,1120,40,0,40,415,0
50000,60,46,41,415,42,45,25,412,716,42,42,426,42,415,1432,41,0,43,412,0
50000,60,43,41,418,43,41,25,431,22,46,49,428,47,418,466,40,0,40,414,0
50000,60,33,41,416,42,40,10,412,0,0,42,0,44,0,701,40,0,40,416,0
30000,60,40,42,419,42,44,25,446,504,46,42,423,42,418,162,40,0,40,411,0
10000,10,37,43,412,42,42,10,410,959,43,42,425,42,417,466,40,0,40,413,0
20000,48,38,42,413,43,41,10,410,0,0,45,0,42,0,217,40,0,40,415,0
15000,12,27,43,413,41,40,10,410,0,0,42,0,46,0,946,40,0,40,412,0
20000,36,28,42,417,41,40,1,404,0,0,42,0,42,0,536,40,0,40,411,1
20000,60,40,43,413,41,40,10,420,572,44,45,410,42,415,1406,40,0,40,412,0
50000,60,53,41,418,42,45,1,417,680,45,48,427,46,422,357,40,0,40,411,0
10000,60,22,41,413,41,40,10,410,0,0,42,0,42,0,224,40,0,40,410,0
22000,48,28,43,413,42,42,10,410,0,0,42,0,42,0,734,41,0,40,410,0
5000,11,28,43,414,42,43,10,412,646,42,42,415,42,414,321,40,0,40,412,0
30000,60,42,43,416,42,40,1,410,0,0,47,0,44,0,1178,40,0,40,419,0
40000,60,40,41,416,42,43,1,410,960,44,42,424,45,422,542,40,0,40,412,1
20000,36,25,43,412,41,40,25,412,0,0,42,0,42,0,485,40,0,40,419,0
5000,11,30,43,413,42,42,10,412,653,44,42,415,44,421,1255,41,0,40,412,1
34000,36,33,41,415,42,42,10,411,0,0,42,0,44,0,366,40,0,40,412,1
50000,60,33,41,413,41,40,25,420,443,43,49,424,47,415,946,40,0,40,415,0
20000,36,39,41,412,42,43,1,412,686,43,42,418,44,418,144,41,0,40,412,0
50000,60,27,42,418,41,40,1,412,649,45,48,415,42,420,1405,40,0,40,415,0
30000,60,36,43,416,42,42,25,410,0,0,42,0,42,0,1055,40,0,40,412,0
20000,36,24,43,415,41,40,10,412,708,43,42,418,44,413,485,41,0,40,412,0
50000,60,31,43,415,42,41,25,413,73,46,42,428,44,410,269,41,0,40,412,0
15000,36,37,42,416,41,40,10,410,0,0,42,0,44,0,761,40,0,40,414,0
30000,60,22,42,410,41,40,10,412,607,42,42,419,42,412,1472,41,0,40,412,0
30000,60,66,41,416,44,45,10,412,768,43,42,413,42,422,1311,41,0,40,411,1
50000,36,54,43,415,43,40,25,411,118,46,42,428,45,422,1472,40,0,40,413,1
15000,48,36,41,415,42,42,25,417,634,43,42,415,42,419,1115,40,0,40,412,0
50000,60,27,43,417,41,40,25,412,705,43,48,423,45,419,485,40,0,40,415,0
50000,60,45,41,419,42,43,10,414,343,46,42,417,44,420,134,40,0,40,411,0
50000,36,23,43,414,41,40,25,410,904,42,45,420,44,415,594,40,0,40,415,0
40000,36,31,43,418,41,41,25,412,477,43,45,424,41,418,471,40,0,41,415,0
30000,48,41,41,418,43,41,10,412,617,43,42,415,44,420,1472,40,0,40,411,0
50000,60,38,41,411,43,42,25,410,962,47,42,426,45,414,946,41,0,40,411,0
30000,48,41,41,419,43,41,10,412,617,43,42,416,44,421,1472,40,0,40,411,0
50000,60,37,41,415,42,43,10,420,427,43,42,428,45,422,144,40,0,40,411,0
40000,60,41,41,418,41,41,1,431,0,0,45,0,44,0,1472,40,0,40,415,0
25000,12,72,41,411,42,43,25,412,0,0,42,0,42,0,1064,40,0,40,415,0
10000,24,33,43,418,42,44,10,417,649,42,42,420,44,420,400,40,0,40,413,0
15000,48,30,43,413,41,40,10,410,0,0,42,0,43,0,1344,41,0,41,416,0
5000,6,22,43,412,41,40,1,420,445,43,45,410,41,413,1064,41,0,40,419,0
50000,24,23,43,412,42,43,10,412,661,42,42,423,41,415,1365,40,0,41,415,0
50000,60,46,43,415,43,42,10,413,70,43,42,415,42,419,1218,41,0,40,419,0
20000,60,53,43,419,41,40,10,412,568,43,49,428,46,414,1472,40,0,40,410,0
50000,36,23,42,414,41,40,25,412,691,43,42,416,44,417,594,41,0,40,413,1
16000,24,35,43,414,43,43,25,411,0,0,42,0,42,0,1472,41,0,40,414,0
50000,60,54,43,419,41,40,1,411,70,43,42,416,44,416,485,40,0,40,414,1
50000,60,49,41,415,42,43,25,446,501,43,42,422,42,416,1311,41,0,40,411,0
16000,24,35,43,414,43,43,25,411,0,0,42,0,42,0,1472,41,0,40,414,0
50000,60,29,42,413,41,40,10,411,137,43,42,417,44,410,761,40,0,40,410,0
12000,48,49,41,419,42,41,1,412,0,0,42,0,44,0,1288,41,0,40,418,0
20000,36,48,43,414,42,41,10,412,700,46,42,424,44,422,485,40,0,43,412,0
10000,24,34,42,411,41,40,10,411,510,42,42,415,42,422,755,40,0,42,410,0
38000,24,35,41,419,43,42,1,420,0,0,42,0,42,0,1218,41,0,40,411,0
30000,24,34,42,413,41,40,10,431,0,0,49,0,44,0,594,40,0,40,412,0
10000,48,57,43,411,44,44,25,404,171,43,42,416,42,411,1311,41,0,40,413,0
50000,60,64,41,419,42,41,10,413,91,42,46,421,44,414,1064,40,0,40,415,0
40000,48,28,43,418,41,40,25,431,45,42,42,416,44,411,471,40,0,40,410,0
50000,48,50,41,413,42,43,10,410,678,43,42,428,44,422,1218,40,0,40,411,0
50000,48,44,41,416,42,43,1,420,0,0,42,0,46,0,78,40,0,40,414,1
20000,60,44,41,419,42,41,10,412,704,43,42,417,42,414,485,40,0,40,411,0
40000,60,46,43,415,42,44,10,417,721,43,42,426,44,413,1063,40,0,40,418,0
20000,60,23,43,413,43,41,10,412,668,43,42,411,47,414,1472,40,0,42,412,0
25000,60,32,43,414,42,42,25,412,621,43,42,421,42,418,561,40,0,40,413,1
50000,60,32,43,411,42,46,25,412,0,0,42,0,41,0,1318,40,0,40,419,0
10000,10,45,41,419,42,44,10,412,0,0,45,0,41,0,434,40,0,43,419,0
50000,60,32,43,417,42,40,10,431,132,43,42,420,46,416,144,40,0,40,412,0
5000,6,29,42,412,41,40,25,412,546,45,42,428,41,420,1344,40,0,40,419,0
15000,36,24,42,412,41,40,10,420,0,0,41,0,42,0,592,41,0,40,419,0
45000,60,51,43,418,42,42,10,412,713,46,42,423,41,413,1157,41,0,40,411,0
5000,11,41,43,419,42,42,10,412,649,43,42,424,44,419,1208,41,0,40,413,0
30000,24,64,43,419,43,43,25,413,91,43,42,418,42,416,1064,41,0,40,419,0
50000,60,53,43,419,43,41,1,420,567,45,42,423,46,420,452,40,0,40,416,0
10000,12,22,42,412,41,40,10,410,801,43,42,414,44,415,1472,40,0,40,413,0
25000,24,43,43,418,42,41,25,404,131,43,42,424,42,418,312,40,0,40,410,0
10000,12,36,41,411,42,44,10,417,653,43,45,418,41,411,1472,40,0,40,415,0
50000,60,27,42,411,41,40,10,410,789,45,42,413,43,418,46,40,0,40,413,0
20000,24,26,42,410,41,40,10,420,577,42,42,415,42,410,1229,40,0,40,410,0
40000,60,33,42,414,41,40,10,404,279,46,42,415,42,415,1285,41,0,40,412,0
35000,60,53,41,414,42,43,10,420,533,46,47,428,46,419,958,41,0,40,412,0
25000,36,30,42,415,43,41,10,414,369,44,42,413,42,419,594,40,0,40,412,0
50000,36,43,41,419,42,42,25,417,644,45,49,428,46,418,1157,40,0,40,416,0
50000,60,55,43,419,42,41,10,414,0,0,45,0,46,0,1189,40,0,40,412,0
25000,48,36,41,419,42,43,1,446,527,47,42,427,44,420,383,41,0,40,418,1
50000,60,44,41,419,42,43,10,420,405,44,45,424,44,422,471,40,0,40,413,0
17000,36,31,43,415,42,41,10,411,0,0,42,0,44,0,1296,40,0,40,415,0
40000,60,54,41,412,43,43,10,411,320,46,42,414,46,419,1064,40,0,40,411,0
20000,60,60,41,419,43,40,1,404,280,43,42,425,44,413,1279,41,0,40,412,1
5000,6,59,41,417,43,43,1,412,610,47,42,418,44,418,1472,40,0,40,410,0
5000,10,38,41,418,41,40,1,410,0,0,46,0,41,0,144,40,0,40,411,0
50000,60,30,42,412,41,40,25,410,945,45,42,418,46,420,938,40,0,40,411,0
10000,12,59,41,414,43,43,10,412,610,47,42,418,44,420,1472,40,0,40,410,0
6000,6,57,41,414,43,43,10,412,610,46,42,418,44,420,1472,40,0,40,410,0
30000,36,35,41,414,42,44,1,410,940,46,42,428,44,422,1009,41,0,40,410,0
30000,48,60,43,415,43,42,10,420,469,43,42,415,42,422,775,40,0,40,419,0
10000,12,27,42,412,41,40,10,420,532,44,42,414,44,418,144,40,0,40,412,0
10000,24,26,43,415,41,42,10,412,743,46,42,412,42,418,44,41,0,40,416,1
6000,10,59,41,414,43,43,10,412,610,47,42,418,44,419,1472,40,0,40,410,0
27000,24,23,41,416,41,40,1,411,6,43,42,424,44,421,14,40,0,40,412,0
6000,10,59,41,414,43,43,10,412,610,47,42,418,44,419,1472,40,0,40,410,0
20000,60,27,42,411,41,40,10,410,0,0,42,0,44,0,466,40,0,40,419,0
50000,12,43,41,412,42,42,10,410,648,46,42,425,46,413,1064,40,0,40,415,1
50000,60,38,43,411,42,41,10,412,0,0,42,0,46,0,690,41,0,40,419,0
40000,12,45,41,413,42,43,25,420,0,0,45,0,47,0,1351,40,0,40,411,0
45000,60,41,41,416,42,43,10,420,495,47,42,419,44,422,1311,40,0,40,412,0
30000,60,29,43,417,42,42,10,410,963,43,42,422,46,421,137,41,0,40,412,0
50000,60,52,41,419,42,44,10,414,363,45,42,423,44,416,153,40,0,40,412,0
12000,24,46,43,416,41,40,25,412,0,0,42,0,44,0,312,40,0,40,412,0
22000,60,46,41,419,42,43,1,431,0,0,42,0,46,0,1311,41,0,40,412,0
5000,10,25,42,414,41,40,10,412,0,0,45,0,42,0,466,41,0,42,412,0
25000,48,46,41,418,42,43,25,420,0,0,42,0,46,0,1311,40,0,40,418,0
20000,48,55,44,413,43,42,10,420,435,42,42,415,44,414,0,41,0,40,414,0
40000,48,38,42,413,41,40,10,410,942,46,42,422,44,422,1365,40,0,40,414,1
15000,24,30,43,410,41,40,10,420,0,0,42,0,41,0,153,40,0,43,419,0
50000,60,39,41,416,42,42,25,404,0,0,42,0,44,0,1344,40,0,40,412,0
50000,60,39,41,415,42,42,10,413,71,45,42,424,47,418,137,40,0,40,411,0
30000,24,62,43,419,42,44,25,431,0,0,45,0,46,0,434,40,0,40,419,0
15000,60,28,42,416,41,40,10,412,0,0,41,0,44,0,1351,41,0,40,416,1
50000,48,31,43,411,42,43,10,410,0,0,42,0,42,0,1185,40,0,40,412,0
50000,36,30,42,413,41,40,25,410,0,0,42,0,42,0,466,40,0,40,412,0
50000,12,23,42,411,41,40,25,414,398,45,42,417,44,415,722,40,0,40,415,1
50000,60,38,43,412,41,40,10,420,0,0,42,0,44,0,1472,40,0,40,419,0
35000,48,43,43,418,42,42,25,410,950,43,45,423,42,422,1344,40,0,40,410,0
20000,24,33,43,411,41,40,10,412,0,0,42,0,46,0,471,40,0,40,416,0
20000,60,25,43,411,41,40,10,412,0,0,42,0,42,0,1188,40,0,40,416,0
50000,60,48,41,412,42,43,10,414,346,44,42,428,46,418,267,40,0,40,412,0
30000,60,52,41,418,43,45,10,417,691,43,44,413,42,412,322,40,0,40,419,0
37000,60,48,42,413,43,41,10,404,136,42,42,419,41,416,1344,40,0,41,412,0
5000,11,22,42,411,41,41,1,420,0,0,42,0,44,0,865,41,0,40,412,0
50000,60,46,43,419,43,44,10,412,576,45,42,422,46,422,1355,40,0,40,410,1
22000,36,57,41,419,42,40,1,411,93,44,42,427,44,421,1055,40,0,40,411,1
25000,36,38,41,415,42,46,25,412,551,43,42,418,42,422,1275,40,0,40,411,1
20000,60,67,41,419,42,44,1,404,141,45,46,428,44,422,533,40,0,40,412,0
30000,48,30,41,413,42,40,25,412,675,46,45,424,44,418,1064,40,0,40,410,0
40000,48,35,42,413,41,42,10,412,0,0,42,0,41,0,594,41,0,40,411,1
50000,60,28,43,410,42,41,10,412,613,46,42,428,44,420,312,41,0,40,410,0
50000,60,36,41,414,42,45,1,417,734,44,42,426,46,420,227,40,0,40,411,0
30000,60,24,42,412,41,40,1,417,631,45,44,413,44,418,1096,40,0,40,411,0
50000,48,29,43,419,41,41,1,410,0,0,42,0,42,0,471,40,0,40,411,0
10000,24,32,42,413,41,40,10,417,647,43,42,413,41,414,1064,40,0,40,412,0
6000,11,31,43,414,42,42,25,431,0,0,42,0,41,0,471,40,0,41,419,0
50000,12,32,42,412,41,40,1,412,0,0,45,0,41,0,308,40,0,40,415,0
50000,36,30,42,414,41,40,25,410,0,0,42,0,42,0,466,40,0,41,412,0
20000,36,30,42,414,41,40,25,410,0,0,42,0,42,0,466,40,0,41,412,0
10000,24,34,43,416,42,42,10,411,0,0,42,0,42,0,1311,40,0,40,412,0
7000,10,29,43,412,41,40,10,409,7,43,42,412,42,412,137,40,0,40,410,0
30000,36,56,41,419,42,43,25,417,650,46,42,428,44,419,485,40,0,40,412,0
6000,10,24,42,413,41,40,10,412,0,0,42,0,42,0,1064,40,0,40,412,0
5000,10,29,42,413,41,40,10,409,1,43,42,428,42,412,137,40,0,40,419,0
20000,48,52,41,419,43,41,1,411,69,43,46,421,46,420,594,41,0,40,419,1
18000,60,27,42,410,41,40,10,410,742,45,43,420,46,414,1218,40,0,40,412,0
50000,60,42,41,414,42,43,25,412,703,42,42,422,44,415,1190,40,0,40,412,0
30000,48,22,42,411,41,40,10,412,612,43,42,413,41,416,1064,40,0,40,410,0
50000,24,26,42,411,41,40,1,414,362,45,42,424,44,418,1296,40,0,40,410,0
50000,48,25,42,413,42,41,10,411,104,43,42,423,44,419,1342,41,0,40,419,0
15000,24,42,42,412,43,42,10,411,110,46,42,417,44,415,1304,40,0,42,419,0
35000,60,44,41,418,42,42,10,454,63,47,42,426,46,417,651,40,0,40,419,1
12000,24,45,41,419,42,44,25,420,424,44,45,428,46,419,1235,40,0,40,412,0
35000,36,24,43,410,41,40,10,412,0,0,42,0,41,0,134,40,0,41,412,0
50000,60,38,41,415,43,40,10,431,0,0,42,0,47,0,1287,40,0,40,419,1
50000,60,47,41,411,42,42,10,414,0,0,42,0,46,0,153,40,0,40,414,0
40000,48,32,43,412,42,40,10,431,62,46,42,417,44,416,948,40,0,40,410,0
25000,48,41,41,417,42,42,10,410,0,0,42,0,44,0,690,40,0,40,411,1
50000,60,51,43,414,43,41,25,411,96,43,42,422,46,418,1218,41,0,40,412,0
15000,6,24,42,411,41,40,10,410,0,0,42,0,41,0,1275,40,0,40,417,0
25000,36,58,41,417,42,43,25,411,44,42,42,423,42,418,434,41,0,40,414,0
30000,36,30,42,413,41,40,10,410,655,42,42,423,44,421,1344,40,0,41,415,0
35000,60,36,41,413,42,43,10,420,424,43,42,423,42,422,690,41,0,41,419,0
50000,36,39,43,416,42,43,25,412,0,0,42,0,47,0,1069,40,0,42,411,0
12000,12,43,43,414,41,42,25,420,455,44,42,423,46,414,1311,41,0,40,412,0
15000,24,36,41,419,41,40,1,412,0,0,42,0,44,0,1472,41,0,40,412,0
15000,60,55,43,411,43,40,10,420,0,0,42,0,44,0,417,41,0,40,410,0
30000,60,29,43,417,42,42,10,410,0,0,42,0,46,0,137,41,0,40,412,1
20000,60,26,43,413,41,40,10,412,732,45,42,416,42,417,1472,40,0,40,415,0
10000,24,28,43,412,41,40,1,410,899,44,44,413,44,419,1284,40,0,40,413,0
50000,60,25,41,418,42,41,25,417,631,43,42,418,42,418,677,40,0,40,415,0
5000,11,30,41,410,42,43,1,420,489,43,42,419,41,416,1185,41,0,41,412,0
5000,10,28,43,410,41,40,10,412,736,41,42,416,44,412,1284,40,0,40,413,0
30000,60,29,43,413,42,41,25,412,770,42,42,416,42,414,153,40,0,40,418,0
30000,60,57,41,419,42,43,25,417,652,43,46,422,42,422,1472,41,0,40,419,1
27000,36,25,41,411,42,42,10,412,0,0,42,0,42,0,107,40,0,40,410,0
13000,24,45,43,415,42,41,1,410,949,45,42,421,44,420,434,40,0,40,410,0
50000,60,49,43,413,42,43,10,411,94,46,42,422,42,417,153,40,0,40,410,0
40000,60,68,43,419,44,40,1,414,362,43,46,416,42,417,485,41,0,40,419,1
10000,12,26,43,410,41,40,10,411,42,43,44,410,43,417,1472,41,0,40,416,0
30000,48,60,41,416,43,40,25,404,117,43,42,414,42,417,216,41,0,40,411,1
30000,24,32,41,418,42,42,10,412,644,43,42,427,44,415,78,40,0,40,413,0
20000,48,31,42,417,41,40,10,412,671,47,41,414,44,420,593,41,0,41,412,0
50000,36,58,41,419,42,40,1,411,0,0,42,0,46,0,116,40,0,40,412,0
50000,24,35,43,413,42,42,25,412,629,43,49,423,42,418,961,40,0,40,415,0
50000,60,43,41,419,42,43,10,420,529,46,48,428,47,417,1311,41,0,40,414,0
10000,10,25,42,412,41,40,25,412,746,42,42,412,41,418,1285,41,0,40,412,0
20000,12,37,42,414,42,40,25,420,518,43,42,416,42,414,184,40,0,40,412,1
10000,10,25,42,412,41,40,25,412,746,42,42,412,41,418,1285,41,0,40,412,0
12000,36,30,43,411,41,40,10,404,114,46,42,412,44,414,1344,40,0,40,419,0
50000,36,32,41,416,42,43,1,420,0,0,42,0,44,0,505,40,0,40,411,0
10000,60,56,41,419,43,42,10,410,0,0,42,0,44,0,946,40,0,40,412,1
30000,48,35,43,414,42,43,25,446,539,44,42,426,42,415,153,41,0,40,411,0
50000,60,28,41,411,42,42,10,411,396,46,42,425,44,410,137,40,0,40,411,0
30000,48,31,41,419,43,41,10,412,617,43,42,415,44,420,1472,40,0,40,411,0
50000,48,42,41,419,42,42,10,410,944,43,42,424,44,422,471,41,0,40,412,0
7000,10,65,41,419,42,42,10,410,0,0,42,0,44,0,471,40,0,40,413,0
10000,24,67,41,419,42,44,1,412,0,0,46,0,44,0,533,40,0,40,412,0
40000,48,27,42,413,41,40,10,410,953,43,42,420,44,416,466,40,0,40,410,0
20000,60,32,43,416,42,42,10,411,0,0,42,0,41,0,502,41,0,40,412,0
50000,60,32,43,411,42,41,25,411,0,0,42,0,41,0,224,40,0,40,412,0
50000,60,43,41,419,42,43,25,412,170,47,49,428,42,422,471,40,0,40,411,0
40000,60,28,43,415,42,40,10,411,0,0,42,0,42,0,594,40,0,43,412,0
50000,36,61,43,412,43,43,25,410,0,0,48,0,45,0,1472,41,0,40,414,0
20000,48,28,43,415,42,40,10,411,0,0,42,0,42,0,594,40,0,43,412,0
30000,36,25,42,415,41,40,25,420,0,0,42,0,44,0,235,41,0,40,412,0
35000,60,49,41,419,42,42,10,410,962,44,42,422,42,422,946,40,0,40,411,1
50000,60,28,41,411,42,42,1,410,943,43,41,422,44,419,417,41,0,40,411,0
18000,36,44,43,413,42,44,25,412,627,46,42,428,44,414,690,40,0,40,412,1
50000,60,46,41,419,43,42,10,414,361,45,42,419,42,413,1472,40,0,40,419,0
15000,36,47,41,419,43,42,1,431,111,47,42,419,42,422,1178,41,0,40,412,0
10000,36,34,43,411,41,40,10,420,461,46,42,414,44,416,485,40,0,43,412,0
50000,60,30,43,417,42,42,25,446,0,0,42,0,44,0,1342,41,0,40,419,0
50000,60,34,43,418,42,43,25,412,0,0,49,0,46,0,245,40,0,40,415,0
12000,24,37,43,414,42,42,10,404,124,43,42,424,44,415,46,40,0,40,412,0
40000,48,41,43,413,43,41,10,417,679,46,45,417,46,417,1291,41,0,40,410,0
50000,60,58,41,419,42,43,25,410,866,42,42,428,45,422,1311,41,0,40,411,0
50000,36,40,42,419,41,40,10,410,692,46,42,418,47,420,235,40,0,40,411,0
20000,24,29,43,411,41,40,10,412,723,43,42,417,41,412,1472,40,0,41,410,0
50000,24,38,41,419,42,43,25,417,0,0,45,0,44,0,1344,40,0,40,415,0
10000,24,32,43,415,41,40,10,410,838,44,42,415,44,420,1344,40,0,40,412,0
50000,60,50,41,419,42,42,10,410,851,42,42,419,42,421,1218,40,0,43,411,0
35000,60,57,41,410,42,43,10,412,0,0,42,0,42,0,798,40,0,40,413,0
10000,12,43,43,418,41,41,25,411,0,0,45,0,41,0,1311,40,0,42,412,0
5000,10,31,43,411,41,40,10,412,0,0,42,0,44,0,466,41,0,41,419,0
7000,11,44,41,419,42,43,1,411,0,0,42,0,44,0,1326,40,0,40,412,0
40000,48,24,42,412,41,40,25,420,0,0,42,0,41,0,1064,40,0,40,415,0
5000,11,22,42,416,41,40,10,412,0,0,42,0,44,0,1064,41,0,40,412,0
20000,24,54,43,419,43,43,25,420,0,0,45,0,41,0,775,40,0,40,412,0
12000,36,35,42,413,41,40,1,412,648,46,44,412,43,422,1297,40,0,40,416,0
50000,60,32,41,410,42,40,25,410,47,43,42,419,46,410,318,40,0,40,412,0
45000,60,63,41,414,42,40,10,413,153,46,46,419,46,413,1178,40,0,40,420,1
50000,48,35,43,413,41,40,10,420,540,42,45,415,42,412,542,40,0,40,415,0
17000,24,43,41,413,43,41,10,412,576,45,45,415,44,422,1056,41,0,40,418,0
5000,11,49,41,413,41,40,25,412,0,0,42,0,42,0,144,41,0,40,411,0
30000,60,38,43,419,41,42,25,412,729,43,42,426,42,415,78,41,0,40,412,0
10000,24,67,41,418,42,44,1,412,0,0,46,0,44,0,533,40,0,40,412,0
5000,11,30,41,411,42,43,1,420,489,43,42,419,41,416,1185,41,0,43,412,0
30000,60,36,41,413,42,42,10,410,758,46,42,421,46,422,153,40,0,40,414,0
15000,12,37,41,412,42,43,25,412,0,0,42,0,47,0,775,40,0,40,412,1
50000,60,46,41,419,42,45,10,431,3,42,42,428,46,414,78,41,0,40,411,1
32000,36,27,42,411,41,40,10,412,657,43,42,414,42,419,49,41,0,40,413,0
6000,11,44,41,413,42,43,1,412,539,42,42,421,44,420,471,40,0,40,412,1
50000,36,24,42,414,41,40,10,420,427,43,42,415,46,414,144,40,0,40,411,0
20000,36,67,41,419,42,43,1,404,0,0,46,0,42,0,722,40,0,43,418,0
20000,60,55,41,419,41,41,1,411,145,47,42,421,46,420,312,41,0,40,413,0
24000,36,27,42,411,41,40,10,420,526,42,42,413,44,413,1477,40,0,40,419,0
10000,12,29,43,411,41,40,10,412,723,43,42,417,46,412,1472,40,0,41,410,0
40000,36,50,43,419,42,44,25,410,957,43,45,428,46,416,22,40,0,40,413,0
30000,60,35,41,419,42,41,25,414,0,0,42,0,44,0,1218,41,0,40,414,0
50000,60,40,41,415,42,42,10,414,0,0,42,0,45,0,1178,40,0,40,414,0
40000,60,48,41,419,42,43,25,414,362,43,42,428,42,416,1292,40,0,40,411,1
30000,60,48,43,419,43,41,1,431,52,43,42,414,44,417,946,41,0,40,419,0
46000,60,30,42,414,41,40,10,412,748,42,42,413,41,419,594,40,0,41,414,0
25000,36,23,42,417,42,41,25,412,729,42,42,417,42,415,1284,40,0,41,412,0
19000,24,44,43,419,41,40,25,446,539,46,42,420,44,418,153,41,0,40,416,1
24000,24,45,41,419,43,42,10,412,0,0,42,0,46,0,690,40,0,40,411,1
35000,36,35,41,418,42,45,25,446,0,0,45,0,44,0,1218,40,0,41,415,0
20000,60,34,44,414,43,44,25,410,855,43,42,412,42,422,235,41,0,40,411,0
50000,60,25,42,414,41,40,25,417,742,43,42,428,42,414,292,41,0,40,417,0
50000,60,35,43,411,43,40,10,410,676,43,42,414,44,420,49,41,0,40,418,0
20000,48,46,42,414,43,41,10,404,284,43,42,414,42,410,471,41,0,40,412,0
50000,60,28,42,415,43,41,25,412,0,0,42,0,42,0,292,40,0,40,417,0
50000,60,25,42,414,41,40,25,420,0,0,42,0,42,0,292,41,0,40,417,0
40000,60,40,42,419,42,44,25,446,504,46,42,424,42,418,162,40,0,40,411,1
20000,60,35,42,412,42,41,10,411,137,42,42,417,42,414,1055,40,0,40,411,0
17000,60,37,41,415,42,40,10,446,0,0,42,0,42,0,1055,40,0,40,412,0
10000,12,59,41,414,43,43,10,412,610,47,42,418,44,420,1472,40,0,40,410,0
50000,24,28,41,415,41,40,10,410,936,47,41,416,47,421,1472,40,0,40,411,0
10000,48,30,41,411,42,43,10,452,0,0,42,0,42,0,1063,40,0,40,413,0
20000,60,67,41,418,42,44,1,404,0,0,46,0,44,0,533,40,0,40,412,1
50000,48,38,41,414,42,44,25,420,448,43,42,425,44,411,1291,40,0,40,411,0
20000,60,36,43,413,41,40,25,410,946,46,42,422,44,415,1218,40,0,40,417,0
50000,60,51,43,419,43,43,10,404,120,43,42,418,42,422,755,40,0,40,412,0
10000,36,27,43,413,41,40,25,412,635,46,44,417,42,420,269,41,0,40,419,1
50000,60,28,42,412,41,40,25,412,0,0,42,0,44,0,1157,40,0,40,411,0
20000,36,45,43,411,42,43,10,412,582,46,42,427,41,420,775,41,0,41,412,0
12000,36,30,42,412,41,40,10,411,99,43,42,416,42,420,1344,41,0,40,418,1
30000,60,28,43,412,41,40,25,431,65,43,42,412,44,411,1472,41,0,40,416,0
10000,36,34,42,414,41,40,10,410,833,43,42,413,42,422,1472,40,0,40,418,0
10000,12,59,41,414,43,43,10,412,610,47,42,418,44,420,1472,40,0,40,410,0
30000,60,42,43,411,43,42,10,411,90,46,42,420,44,418,466,41,0,40,412,1
20000,36,59,43,411,41,40,25,412,0,0,42,0,42,0,1064,40,0,40,412,0
10000,12,27,43,411,43,42,10,410,976,43,42,414,42,415,222,41,0,40,418,0
50000,60,47,41,419,42,43,25,410,0,0,45,0,45,0,1472,41,0,40,415,0
10000,12,27,43,411,43,42,10,410,976,43,42,414,42,415,222,41,0,40,418,0
10000,12,27,43,411,43,42,10,410,976,43,42,414,42,411,222,41,0,40,418,0
30000,36,49,43,411,42,43,25,420,443,42,42,424,46,419,946,40,0,41,414,0
6000,11,47,41,419,41,41,10,420,0,0,45,0,46,0,434,41,0,40,417,1
15000,24,44,41,419,42,42,10,446,504,47,42,418,42,418,756,40,0,40,411,0
50000,60,39,41,416,42,42,25,414,347,44,42,428,42,420,980,41,0,40,412,0
10000,12,38,43,413,42,42,1,411,0,0,42,0,41,0,734,40,0,40,413,1
30000,60,36,43,417,41,40,25,411,14,44,45,423,44,415,1472,41,0,40,419,0
40000,48,36,43,411,41,40,10,410,0,0,42,0,42,0,1472,40,0,40,414,0
32000,36,27,42,413,41,40,10,431,0,0,42,0,41,0,137,40,0,40,420,0
32000,36,27,42,413,41,40,10,431,0,0,42,0,41,0,137,40,0,40,420,0
35000,60,47,41,418,42,43,25,420,0,0,42,0,47,0,321,40,0,40,411,0
40000,36,57,42,418,43,41,10,454,0,0,42,0,44,0,485,41,0,40,419,0
50000,36,23,43,410,41,40,1,414,0,0,42,0,42,0,1285,41,0,40,419,0
15000,48,40,41,419,42,42,1,412,656,44,42,423,44,420,1281,40,0,40,413,0
50000,60,50,43,418,42,42,10,412,0,0,48,0,44,0,144,40,0,40,411,0
30000,36,39,43,411,43,41,1,420,423,46,42,423,42,413,690,41,0,40,419,1
48000,60,57,41,418,42,43,25,431,9,46,45,424,45,419,485,40,0,40,414,0
25000,60,41,43,413,42,40,25,420,411,43,48,423,46,412,1311,40,0,40,415,0
50000,60,40,41,411,42,43,10,411,42,47,42,420,42,417,1064,41,0,40,416,1
10000,36,25,43,412,41,40,10,431,0,0,42,0,44,0,471,40,0,40,417,0
40000,60,55,41,413,42,43,10,412,716,44,42,427,44,414,889,40,0,40,417,0
10000,60,43,41,419,42,43,25,410,790,43,41,415,44,422,1063,41,0,40,416,1
26000,60,29,43,412,41,40,1,404,0,0,42,0,41,0,1284,41,0,40,412,0
50000,60,35,41,419,42,42,1,412,0,0,42,0,44,0,466,40,0,40,414,1
50000,60,31,43,416,42,40,25,412,0,0,42,0,47,0,1472,40,0,40,415,0
10000,12,32,42,414,41,40,10,411,85,43,42,411,42,420,1472,40,0,40,412,0
30000,60,28,43,412,41,40,25,431,65,43,42,414,44,411,1472,41,0,40,416,0
6000,11,22,43,410,41,41,10,412,0,0,42,0,42,0,1218,41,0,40,419,0
50000,48,42,41,412,42,44,10,412,770,43,42,418,42,414,153,40,0,40,412,0
6000,11,29,42,416,41,40,1,411,321,43,42,414,44,417,594,40,0,40,419,1
20000,24,28,42,418,43,40,10,446,0,0,42,0,41,0,1318,41,0,41,412,0
50000,60,31,43,413,42,41,25,411,0,0,45,0,42,0,1284,40,0,42,413,0
50000,60,44,41,419,42,43,10,431,27,42,45,423,46,422,466,40,0,40,411,0
50000,48,41,41,416,42,40,10,412,638,43,42,421,42,417,1344,40,0,40,419,0
20000,36,27,42,414,42,41,10,410,0,0,42,0,44,0,13,40,0,40,413,0
40000,60,49,41,419,42,43,10,412,700,46,45,428,44,421,1284,40,0,40,411,1
50000,36,34,43,412,41,40,1,411,123,47,45,417,44,422,1344,41,0,40,419,0
20000,60,22,42,411,41,40,10,411,132,42,41,414,41,415,734,41,0,40,412,0
30000,60,29,43,414,41,40,25,420,0,0,42,0,46,0,690,40,0,40,419,0
20000,36,36,43,418,43,43,1,412,0,0,42,0,42,0,434,40,0,41,419,0
30000,60,59,41,416,42,45,10,420,571,46,42,426,46,415,107,41,0,40,412,0
30000,36,28,42,414,42,40,1,411,54,43,42,422,44,415,690,41,0,40,412,0
15000,60,22,42,411,41,40,10,411,0,0,41,0,41,0,734,41,0,40,419,0
10000,12,33,43,417,43,42,10,410,861,42,41,411,41,417,1472,41,0,40,419,0
12000,12,45,43,415,42,41,10,410,949,43,42,421,44,422,434,40,0,40,410,0
15000,60,30,43,411,41,40,10,431,119,46,42,416,44,417,1045,41,0,40,413,0
30000,60,59,41,416,42,45,10,420,571,46,42,426,46,415,107,41,0,40,412,1
60000,60,28,41,417,41,41,10,404,7,47,42,426,42,418,2,40,0,40,410,0
10000,12,59,41,414,43,43,10,412,610,47,42,418,44,418,1472,40,0,40,410,0
25000,60,36,43,413,42,40,25,420,411,42,42,423,44,412,1311,41,0,40,419,1
60000,60,29,42,413,41,40,25,412,0,0,42,0,44,0,235,40,0,40,412,0
40000,60,44,42,414,43,41,10,412,616,43,42,414,44,422,1218,41,0,40,417,0
30000,60,52,41,411,42,42,25,431,29,47,49,428,45,411,542,40,0,40,417,0
60000,36,51,41,418,43,44,25,410,953,47,45,428,47,418,447,41,0,40,419,0
23000,48,59,41,415,42,43,25,420,0,0,41,0,41,0,1218,41,0,40,410,0
45000,48,47,41,410,42,43,25,411,443,45,42,428,45,410,1285,40,0,40,414,0
40000,60,32,43,416,42,41,10,412,0,0,42,0,42,0,144,41,0,40,412,0
50000,60,42,43,418,42,41,10,420,574,46,45,428,47,418,1472,40,0,40,415,0
60000,36,28,42,410,41,40,25,454,67,43,42,417,41,411,471,40,0,40,412,0
60000,60,32,43,414,42,43,10,412,0,0,42,0,44,0,471,41,0,40,412,0
25000,60,35,43,414,42,42,10,410,17,42,42,412,41,418,722,40,0,40,419,0
10000,36,45,43,418,43,41,25,410,970,44,42,417,42,422,153,41,0,40,418,0
60000,60,29,41,411,43,41,10,412,0,0,42,0,44,0,1284,40,0,40,412,0
60000,60,26,43,410,41,40,10,412,761,42,45,416,44,419,1218,40,0,40,415,0
60000,36,35,41,414,42,42,10,414,398,45,49,428,44,417,722,40,0,40,411,0
30000,60,52,41,411,42,42,25,431,0,0,49,0,45,0,542,40,0,40,417,1
25000,12,35,42,412,42,40,10,412,616,46,42,425,43,422,1218,40,0,40,410,0
5000,11,34,43,414,41,40,10,414,0,0,42,0,42,0,1296,40,0,40,412,0
50000,60,38,41,412,42,42,10,404,142,46,42,424,42,418,1056,41,0,40,412,1
40000,60,48,43,414,42,41,25,413,73,43,42,426,44,413,471,41,0,40,417,1
10000,12,57,41,414,43,43,10,412,610,47,42,418,44,420,1472,40,0,40,410,0
30000,60,33,42,418,42,42,10,434,17,41,41,415,42,422,678,40,0,42,411,0
30000,36,40,41,418,42,45,1,431,48,44,42,428,44,420,471,40,0,40,417,1
7000,11,36,43,419,42,42,25,412,208,43,42,428,44,421,1344,41,0,40,413,0
10000,60,36,43,419,42,42,25,412,208,43,42,428,44,421,1344,41,0,40,413,0
15000,12,47,43,419,42,42,10,412,0,0,49,0,46,0,282,41,0,40,412,0
40000,60,32,43,416,42,41,10,412,0,0,42,0,42,0,144,41,0,40,412,0
20000,48,31,43,415,42,41,10,411,0,0,42,0,44,0,269,41,0,40,412,1
15000,60,29,41,416,42,41,25,410,0,0,42,0,44,0,524,40,0,40,413,1
10000,36,38,42,410,41,40,25,410,0,0,43,0,44,0,542,40,0,40,414,0
5000,11,62,41,419,41,40,1,412,529,46,42,423,44,422,1472,41,0,40,411,0
12000,12,49,41,419,41,40,25,417,678,42,42,414,42,422,269,41,0,40,412,1
30000,36,49,41,410,42,43,10,412,712,43,42,419,41,422,1057,41,0,40,411,0
33000,36,26,43,412,41,40,10,410,960,44,45,412,44,413,312,41,0,40,410,0
50000,48,24,42,414,41,40,25,420,426,43,45,427,42,415,153,41,0,41,410,0
20000,24,38,43,417,42,41,10,404,122,42,42,422,46,411,471,40,0,40,413,0
10000,10,59,41,414,43,43,10,412,610,47,42,418,44,420,1472,40,0,40,410,0
25000,36,26,42,416,41,40,10,420,450,42,42,413,41,414,1297,41,0,43,412,0
10000,12,59,41,414,43,43,10,412,610,47,42,418,44,420,1472,40,0,40,410,0
12000,12,34,42,414,42,40,10,411,106,43,42,420,42,412,485,40,0,40,412,0
59000,60,24,43,414,42,42,25,420,0,0,45,0,42,0,755,40,0,41,412,0
30000,60,32,41,418,42,41,10,412,723,43,42,422,42,420,521,40,0,40,412,0
20000,60,51,43,419,43,43,1,404,123,46,42,416,42,421,755,41,0,40,419,0
10000,36,45,43,419,43,41,25,410,970,44,42,418,42,422,153,40,0,40,413,0
10000,12,27,43,412,41,40,10,412,613,44,42,412,41,418,1344,41,0,40,412,1
30000,24,36,43,419,42,42,25,409,1,44,42,418,41,420,582,40,0,43,419,0
40000,60,36,41,415,42,42,10,411,0,0,45,0,44,0,1064,40,0,40,412,0
25000,24,36,41,419,42,42,25,409,1,44,42,420,41,420,582,40,0,43,419,0
60000,60,57,41,419,43,44,10,410,934,44,42,424,47,422,1311,41,0,40,411,1
7000,11,41,43,414,42,44,10,412,617,42,42,420,41,422,555,41,0,41,413,0
30000,60,43,43,412,41,40,25,454,51,43,42,415,42,416,1472,40,0,40,419,0
30000,48,26,43,411,41,40,10,412,0,0,45,0,44,0,1218,40,0,40,415,0
40000,60,46,43,419,43,40,25,412,0,0,42,0,42,0,1344,40,0,40,419,0
25000,48,62,43,419,42,45,10,412,766,44,41,421,46,417,137,40,0,42,417,0
20000,36,45,43,416,42,42,25,431,0,0,42,0,42,0,1311,40,0,40,418,0
30000,48,31,42,412,41,40,10,410,932,43,42,412,42,414,1064,40,0,40,419,0
50000,60,42,42,411,42,43,10,431,0,0,41,0,44,0,755,41,0,40,414,1
5000,11,32,43,412,42,41,10,410,0,0,42,0,42,0,49,40,0,40,411,1
50000,60,45,43,414,43,41,10,411,0,0,42,0,44,0,312,41,0,40,414,0
7000,11,35,42,411,41,40,10,410,0,0,42,0,41,0,594,41,0,41,412,0
30000,24,36,43,414,43,41,25,420,566,42,42,412,41,414,153,41,0,40,410,0
60000,24,32,43,413,41,40,10,410,0,0,48,0,45,0,1351,40,0,40,415,0
30000,24,32,43,413,41,40,10,410,0,0,48,0,45,0,1351,40,0,40,415,0
15000,24,23,43,410,43,41,10,411,58,42,42,414,44,415,1284,41,0,41,412,0
60000,60,38,43,411,42,41,10,412,627,43,42,417,46,411,690,41,0,40,412,0
60000,60,23,42,411,41,40,10,414,0,0,42,0,44,0,137,41,0,40,419,0
15000,36,35,41,414,42,41,25,412,0,0,45,0,44,0,153,40,0,40,412,0
5000,8,29,43,411,41,40,10,410,925,43,42,412,42,418,144,41,0,40,412,0
20000,36,48,43,411,41,41,10,410,702,44,48,418,42,416,485,40,0,40,415,0
60000,60,47,41,419,42,42,1,412,0,0,42,0,47,0,928,40,0,40,411,0
60000,48,30,43,414,42,41,10,410,0,0,44,0,45,0,485,40,0,40,414,0
5000,7,27,43,411,41,40,10,411,167,43,42,414,42,414,312,41,0,41,419,0
40000,60,33,43,411,42,43,10,412,0,0,42,0,41,0,235,40,0,41,419,0
60000,36,30,42,414,42,41,10,410,0,0,44,0,44,0,897,41,0,40,419,0
60000,60,39,43,419,42,42,10,414,369,45,42,427,46,418,594,40,0,40,419,0
60000,60,34,41,412,41,40,10,422,476,45,45,418,47,418,269,40,0,40,415,0
15000,36,29,42,412,41,40,10,404,281,42,42,414,44,416,78,41,0,40,412,0
42000,36,28,43,414,41,40,10,412,0,0,42,0,44,0,1472,40,0,40,412,0
60000,60,28,42,417,41,40,25,412,0,0,42,0,42,0,1157,40,0,40,412,1
5000,11,24,42,413,41,40,10,412,747,43,42,415,42,417,722,41,0,40,412,1
40000,48,44,41,418,42,43,10,414,0,0,42,0,41,0,134,40,0,40,417,0
8000,11,31,43,413,42,41,10,452,183,46,42,420,44,414,235,40,0,40,412,0
60000,60,62,41,414,42,43,10,412,0,0,49,0,44,0,144,40,0,42,419,0
40000,60,43,43,419,41,41,10,411,92,44,41,416,42,420,1355,41,0,40,412,0
60000,60,29,43,411,41,40,10,412,0,0,42,0,44,0,1344,40,0,40,412,1
50000,48,55,42,419,44,43,25,417,621,42,42,414,42,412,594,41,0,40,417,0
10000,12,29,42,411,41,40,25,420,574,42,42,413,44,419,50,40,0,40,416,1
14000,36,32,41,416,42,41,10,411,93,44,42,418,42,410,1055,41,0,40,417,0
5000,11,46,41,415,42,42,1,411,45,43,42,425,42,417,1326,41,0,40,413,0
50000,60,30,42,413,42,41,10,411,128,43,42,415,41,414,144,40,0,40,412,0
5000,11,27,42,410,41,40,1,410,687,46,44,410,41,419,594,41,0,40,412,0
10000,36,24,43,411,41,40,10,412,547,43,42,413,42,419,153,41,0,40,419,1
10000,36,36,43,411,41,40,10,420,0,0,42,0,42,0,1311,41,0,40,412,0
7000,11,33,42,417,43,42,10,410,861,42,41,411,41,417,1472,41,0,40,419,0
40000,60,54,43,416,42,41,25,412,615,42,46,420,42,422,1326,40,0,40,411,0
15000,60,60,43,416,42,43,10,411,2,43,42,413,42,422,1178,40,0,40,410,0
40000,12,46,43,419,43,42,25,411,4,42,42,413,44,415,137,40,0,40,412,0
60000,60,47,41,415,43,41,10,410,0,0,42,0,42,0,555,41,0,40,411,1
20000,24,44,43,417,42,42,25,412,568,44,41,428,44,413,1472,40,0,41,415,0
30000,48,33,41,413,42,40,10,410,946,43,42,419,42,416,417,40,0,40,410,1
30000,60,24,42,416,41,40,10,411,321,42,42,418,41,417,594,41,0,40,419,0
50000,60,45,43,412,41,40,10,412,0,0,42,0,44,0,1472,40,0,40,414,1
15000,36,33,43,418,42,44,10,417,0,0,42,0,44,0,400,40,0,40,413,1
35000,36,32,42,414,42,40,10,410,709,43,42,427,46,422,1218,41,0,40,410,0
12000,60,51,42,416,43,42,10,431,0,0,42,0,45,0,269,41,0,40,416,0
60000,60,22,42,414,41,40,25,412,0,0,45,0,44,0,321,41,0,40,415,0
11000,60,35,43,414,42,43,10,410,0,0,42,0,44,0,1064,41,0,40,412,1
50000,60,35,43,414,42,43,10,410,0,0,42,0,44,0,1064,41,0,40,419,0
50000,60,31,44,416,42,44,10,410,0,0,42,0,42,0,698,41,0,40,411,0
20000,48,41,41,416,42,42,25,404,0,0,42,0,44,0,690,41,0,40,413,0
60000,48,25,43,414,41,40,10,411,321,46,44,412,43,420,594,40,0,40,416,0
15000,60,50,42,419,42,43,10,410,0,0,42,0,44,0,1472,40,0,40,414,0
50000,60,43,43,419,43,42,10,412,0,0,42,0,42,0,46,41,0,40,412,0
9000,7,24,42,410,41,40,10,404,0,0,42,0,44,0,485,40,0,40,412,0
35000,60,32,41,419,42,42,25,410,0,0,42,0,44,0,466,40,0,40,419,0
25000,60,32,41,419,42,42,25,410,0,0,42,0,44,0,466,40,0,41,419,0
15000,24,28,43,413,41,40,1,411,0,0,42,0,42,0,471,40,0,40,418,0
20000,60,24,42,411,41,40,10,412,703,42,42,414,42,412,528,40,0,40,410,0
40000,48,31,43,415,42,42,25,431,24,43,42,421,41,418,1064,40,0,40,419,0
10000,36,37,43,414,42,43,10,412,0,0,42,0,42,0,186,41,0,41,412,0
21000,60,24,42,411,41,40,10,412,0,0,42,0,42,0,528,40,0,40,410,1
60000,60,24,42,414,41,40,10,412,612,43,42,412,42,414,1064,41,0,40,419,0
5000,11,26,42,410,41,40,10,412,0,0,42,0,42,0,594,40,0,40,412,0
5000,6,23,42,410,41,40,10,404,0,0,41,0,42,0,1178,41,0,40,413,0
20000,24,29,42,412,41,40,10,431,9,43,42,412,41,417,1057,41,0,40,416,0
60000,60,42,41,412,42,46,25,410,678,42,41,424,44,421,421,41,0,40,417,0
50000,60,45,41,413,43,43,10,412,0,0,42,0,44,0,594,41,0,43,412,0
20000,60,44,41,419,42,41,10,412,704,43,42,417,44,414,485,40,0,40,411,0
30000,60,45,41,413,43,43,10,412,698,46,42,419,44,417,594,41,0,43,412,0
11000,10,39,41,419,42,42,25,412,0,0,45,0,44,0,1326,40,0,40,412,0
15000,24,27,42,415,41,40,10,410,0,0,42,0,44,0,1472,40,0,40,411,0
20000,24,42,43,419,42,41,25,420,435,47,45,411,41,413,1311,41,0,40,412,0
7000,7,25,42,413,41,40,10,420,0,0,42,0,42,0,1311,40,0,40,412,0
5000,6,29,42,415,42,42,10,410,0,0,42,0,46,0,1188,41,0,40,416,0
10000,24,25,41,412,42,41,10,410,0,0,42,0,47,0,734,40,0,40,411,0
40000,60,43,43,416,42,43,1,411,111,44,42,422,44,422,400,40,0,42,412,0
5000,11,46,43,414,41,40,10,410,0,0,41,0,44,0,1291,41,0,40,412,0
28000,60,32,41,419,42,42,25,410,0,0,42,0,44,0,466,40,0,41,419,0
30000,36,63,43,419,42,43,25,410,0,0,42,0,42,0,1308,40,0,40,415,1
60000,60,43,42,419,42,43,25,412,548,43,42,418,44,422,42,40,0,40,419,0
55000,60,62,43,419,43,41,1,412,635,42,46,418,46,422,1311,40,0,40,414,0
20000,36,36,42,412,42,42,10,412,732,43,42,416,41,415,540,40,0,40,411,0
30000,60,44,43,416,43,43,10,420,0,0,42,0,46,0,434,41,0,40,419,0
30000,48,41,43,419,43,42,1,420,523,46,42,419,46,413,979,40,0,40,412,1
60000,60,23,43,413,41,40,10,417,0,0,41,0,43,0,269,40,0,40,412,0
10000,36,49,43,411,42,42,10,454,51,46,41,426,46,415,775,40,0,43,412,0
60000,60,40,41,419,42,44,1,410,923,43,42,426,46,415,400,41,0,40,412,0
5000,11,27,42,413,41,40,10,412,713,43,41,411,41,417,1157,40,0,40,418,0
10000,10,41,43,419,41,43,10,412,645,44,41,412,41,416,1287,41,0,40,413,0
30000,36,24,42,410,41,40,25,412,0,0,43,0,41,0,149,41,0,40,412,0
5000,11,34,42,411,42,42,10,412,0,0,42,0,42,0,1456,40,0,40,412,0
40000,60,37,41,412,41,40,10,414,347,44,45,418,44,414,1218,41,0,40,414,0
15000,24,75,41,412,44,42,10,431,0,0,45,0,41,0,434,41,0,41,415,0
22000,48,27,42,412,41,40,25,412,686,43,42,419,44,419,144,40,0,40,412,1
7000,11,43,43,413,42,44,10,412,720,43,42,421,42,422,827,40,0,40,413,0
23000,36,25,42,413,41,40,10,411,0,0,42,0,44,0,1218,40,0,40,419,0
50000,60,62,41,413,42,42,25,410,886,46,41,417,44,422,485,40,0,40,412,0
60000,24,24,43,415,41,40,25,412,0,0,45,0,44,0,555,40,0,40,412,0
40000,60,34,42,411,41,40,10,410,0,0,42,0,46,0,447,40,0,40,414,1
30000,36,25,42,411,42,40,10,413,94,43,42,415,44,411,153,41,0,40,412,0
60000,60,45,41,417,43,40,1,412,615,43,45,428,42,415,1472,40,0,40,415,0
40000,60,26,42,411,41,40,25,410,0,0,42,0,44,0,1218,40,0,40,410,0
45000,60,48,41,417,43,42,10,412,0,0,42,0,42,0,670,40,0,41,412,0
45000,60,48,41,417,43,42,10,412,0,0,42,0,42,0,670,40,0,41,412,0
50000,60,48,43,412,42,46,10,413,71,46,46,428,42,414,78,40,0,40,415,0
60000,60,37,41,418,42,43,10,404,123,43,42,423,42,419,224,41,0,40,419,0
20000,60,38,43,413,42,42,10,412,0,0,42,0,41,0,1248,41,0,40,412,0
40000,60,37,43,411,43,41,25,412,763,44,42,413,44,418,1185,40,0,40,411,0
10000,10,41,43,413,41,40,10,420,0,0,42,0,41,0,78,40,0,41,419,0
50000,60,63,41,419,42,44,25,404,131,43,42,423,42,420,1472,40,0,40,411,0
30000,24,51,41,418,42,41,10,411,103,43,42,427,42,422,471,41,0,40,414,0
50000,48,32,41,412,42,42,10,412,0,0,49,0,44,0,1064,40,0,40,414,0
10000,60,37,43,412,41,40,25,412,0,0,42,0,44,0,1344,41,0,40,412,0
35000,60,24,43,411,41,40,25,412,0,0,44,0,41,0,153,41,0,40,416,0
60000,60,38,42,419,42,43,25,420,0,0,42,0,44,0,397,41,0,40,419,0
60000,60,36,43,413,42,43,25,454,92,43,42,417,41,415,1064,40,0,40,417,0
25000,60,32,42,413,41,40,10,412,723,46,42,414,45,421,760,40,0,40,414,0
40000,60,37,43,414,42,42,10,412,0,0,45,0,42,0,312,40,0,41,412,0
10000,24,34,43,418,42,43,10,411,111,44,42,422,44,419,400,41,0,42,412,0
40000,60,55,41,419,42,41,10,404,0,0,42,0,42,0,1308,40,0,40,419,0
35000,60,61,41,419,44,41,1,454,63,43,47,428,46,417,1296,41,0,40,420,0
60000,60,35,43,418,42,42,25,420,444,46,42,427,46,411,485,40,0,40,411,0
60000,60,26,42,412,41,40,10,412,0,0,41,0,42,0,1218,40,0,40,415,0
30000,48,43,41,419,42,43,10,412,522,43,42,421,42,421,471,40,0,40,411,1
60000,60,29,43,415,42,41,25,410,0,0,48,0,44,0,153,41,0,41,415,0
30000,36,59,41,419,42,44,1,404,138,46,42,425,44,421,1457,41,0,40,417,0
15000,24,32,43,411,42,42,10,412,0,0,42,0,42,0,672,40,0,40,412,0
60000,60,29,42,416,43,43,25,446,539,46,42,415,46,414,1318,41,0,40,411,0
15000,24,53,43,410,41,40,10,412,0,0,42,0,44,0,1472,40,0,40,413,0
25000,60,29,41,418,42,42,25,412,877,42,42,417,42,420,1275,40,0,40,412,1
20000,36,48,43,414,41,40,10,410,952,43,42,411,41,417,1064,41,0,41,412,0
30000,60,52,42,414,43,43,25,411,18,43,42,416,44,422,1472,40,0,40,414,0
10000,24,26,43,411,41,40,10,410,853,43,42,414,44,418,1472,40,0,40,412,0
50000,60,52,41,419,44,43,1,412,616,41,46,428,44,414,1218,40,0,40,414,0
50000,60,32,43,412,41,40,10,410,0,0,42,0,42,0,940,40,0,40,412,1
30000,24,25,43,414,41,40,10,410,953,44,42,422,44,418,466,40,0,40,413,0
10000,24,54,42,418,43,43,10,411,55,42,42,414,41,417,1311,40,0,40,412,0
34000,36,22,42,410,41,40,25,417,0,0,42,0,42,0,137,40,0,40,416,0
10000,24,33,43,414,41,40,10,446,0,0,42,0,42,0,1472,40,0,41,412,0
50000,60,62,41,413,42,42,25,410,886,46,41,417,44,422,485,40,0,40,412,1
6000,6,44,41,410,41,40,10,420,0,0,42,0,44,0,1472,40,0,41,411,0
5000,11,55,43,410,43,40,25,420,0,0,42,0,44,0,417,41,0,40,410,0
10000,24,46,43,411,41,43,10,420,444,45,42,418,44,415,561,40,0,43,412,0
30000,48,29,42,414,41,40,10,412,0,0,42,0,46,0,1472,40,0,40,412,0
6000,9,23,42,411,41,40,10,412,0,0,41,0,41,0,1472,41,0,41,412,0
40000,60,49,41,419,42,45,1,417,692,46,42,419,42,415,626,40,0,40,416,0
5000,11,26,42,410,41,40,10,412,588,43,42,414,42,418,594,40,0,40,412,0
35000,36,32,43,418,42,41,10,410,0,0,42,0,42,0,521,40,0,40,412,0
10000,36,23,43,410,41,40,25,420,0,0,42,0,42,0,153,41,0,40,412,1
10000,60,31,43,418,41,40,10,412,658,46,42,415,46,421,1472,40,0,40,416,0
30000,60,57,41,418,42,44,10,410,952,42,42,426,44,414,1064,41,0,40,417,0
20000,36,54,43,419,42,42,10,410,0,0,42,0,42,0,485,40,0,40,412,0
10000,24,33,43,411,42,42,10,410,897,41,42,415,41,418,1284,40,0,42,416,0
32000,60,30,43,414,42,40,10,412,0,0,41,0,44,0,596,40,0,40,416,0
15000,36,27,43,412,41,40,10,411,0,0,42,0,42,0,1064,40,0,40,415,0
6000,11,23,43,416,41,40,25,410,0,0,49,0,42,0,269,40,0,40,419,0
25000,12,45,43,418,41,40,10,412,673,46,45,411,44,420,466,41,0,41,415,0
50000,60,31,43,413,41,40,25,404,7,42,42,416,42,417,594,40,0,40,419,0
60000,48,28,43,413,41,40,25,411,69,41,48,415,45,414,594,40,0,40,412,0
10000,60,46,41,419,43,41,1,410,936,46,42,420,45,422,1342,41,0,40,411,0
60000,60,34,41,412,42,44,10,420,439,43,42,416,42,420,1404,40,0,40,411,0
26000,36,25,42,413,41,40,25,412,0,0,48,0,44,0,1311,40,0,40,414,0
15000,48,29,43,411,41,40,10,411,0,0,42,0,47,0,269,40,0,40,413,0
60000,60,35,43,415,42,41,1,412,0,0,42,0,42,0,153,40,0,40,414,0
25000,60,39,43,417,41,40,25,410,0,0,45,0,44,0,1472,40,0,41,412,0
21000,48,25,41,411,41,40,10,412,0,0,42,0,44,0,1188,40,0,40,416,0
20000,60,25,43,414,42,40,10,417,647,44,42,423,44,422,1064,41,0,40,412,0
10000,10,37,43,412,41,40,10,412,0,0,42,0,41,0,1472,41,0,42,412,0
9000,6,24,42,411,41,40,10,414,0,0,42,0,42,0,528,41,0,40,418,0
15000,12,29,43,415,42,41,10,410,926,43,42,423,44,421,144,40,0,40,412,1
50000,48,38,41,415,42,45,1,454,93,46,42,428,47,416,775,40,0,40,412,1
15000,60,42,43,419,42,42,10,404,0,0,42,0,42,0,1326,41,0,40,412,0
60000,60,28,42,411,42,42,25,410,950,43,42,424,44,418,1064,41,0,40,416,0
10000,36,42,43,417,43,41,10,412,729,43,42,415,41,419,1288,41,0,43,412,0
50000,48,40,41,418,42,44,10,420,445,44,42,428,47,422,1157,40,0,40,411,0
60000,60,48,43,415,42,41,25,410,972,45,42,424,44,415,1178,40,0,40,411,0
50000,60,53,41,411,42,40,10,412,484,44,42,418,42,417,1099,40,0,40,412,1
50000,12,37,43,416,41,40,10,431,93,44,45,428,41,415,1472,40,0,41,415,0
15000,36,26,42,415,41,40,10,420,0,0,42,0,44,0,224,41,0,40,414,1
20000,60,48,41,412,42,43,10,410,0,0,42,0,44,0,137,40,0,40,412,1
15000,36,38,41,418,43,42,25,410,959,44,42,415,42,422,466,41,0,40,412,0
30000,36,32,42,416,42,42,10,431,2,43,45,428,44,418,438,40,0,40,411,0
35000,36,37,41,418,42,44,25,412,0,0,48,0,46,0,235,40,0,40,415,0
25000,36,36,43,416,43,42,25,412,0,0,48,0,42,0,1178,41,0,41,414,0
50000,36,38,43,419,42,43,10,446,501,46,45,426,45,420,1311,40,0,40,414,0
60000,24,65,41,412,42,43,25,412,516,42,48,421,45,413,1342,40,0,40,419,0
40000,48,37,41,418,42,44,25,412,0,0,48,0,46,0,235,40,0,40,412,0
60000,60,59,41,419,42,43,25,410,678,44,48,428,46,422,690,40,0,40,414,0
30000,60,36,42,419,42,42,25,412,0,0,42,0,44,0,122,41,0,40,411,0
30000,60,37,42,418,42,40,10,420,0,0,42,0,47,0,1064,40,0,40,411,0
60000,60,28,43,410,42,41,10,410,925,42,42,419,42,416,144,40,0,40,412,0
60000,60,26,42,413,42,41,25,412,0,0,45,0,42,0,1218,40,0,40,412,0
20000,24,54,41,413,42,44,25,417,736,44,42,427,42,414,594,40,0,40,411,0
20000,24,30,42,411,41,40,25,452,0,0,42,0,41,0,107,41,0,40,419,0
60000,60,28,42,414,41,40,1,412,611,43,42,418,42,418,471,40,0,41,412,0
20000,60,55,41,419,41,41,1,411,145,47,42,421,46,420,312,41,0,40,413,1
11000,12,52,43,419,42,41,10,420,0,0,42,0,42,0,1472,40,0,40,412,0
6000,7,25,41,415,41,40,10,410,4,42,44,412,42,413,3,41,0,40,413,0
30000,48,29,42,413,41,40,10,412,763,43,42,413,42,420,624,40,0,40,413,0
50000,60,35,41,416,42,42,1,404,280,43,42,419,46,419,322,40,0,40,412,0
20000,24,49,41,416,42,44,25,410,964,43,42,413,42,417,1055,40,0,40,411,0
20000,48,62,41,419,43,43,1,404,0,0,46,0,46,0,485,40,0,40,419,0
15000,10,32,43,411,41,40,25,404,30,43,42,416,41,419,761,41,0,43,412,0
15000,60,43,41,419,42,44,10,412,732,45,42,424,42,422,1192,40,0,40,414,0
30000,60,28,43,412,41,40,25,410,0,0,42,0,43,0,1178,40,0,40,414,0
30000,60,24,42,416,41,40,10,411,321,42,42,413,41,417,594,41,0,40,419,0
14000,36,44,42,411,41,40,10,410,680,42,42,414,42,419,775,40,0,40,412,0
20000,36,30,42,411,41,40,10,410,905,46,42,415,44,416,594,40,0,40,417,0
20000,24,28,43,411,41,40,10,410,732,42,42,413,44,421,521,41,0,40,419,0
40000,36,44,43,419,43,40,10,412,641,43,48,423,46,422,1472,40,0,40,412,0
30000,60,47,41,419,42,43,1,404,136,43,42,416,42,422,1311,41,0,40,412,1
15000,36,56,43,415,42,43,25,417,734,45,42,416,44,416,227,40,0,40,414,0
15000,60,24,42,411,41,40,10,420,454,43,41,427,44,417,91,40,0,40,415,0
30000,36,23,43,412,41,40,10,410,8,43,41,417,42,417,594,41,0,40,416,0
60000,60,32,43,416,42,41,25,431,24,46,42,422,41,418,1064,41,0,40,419,0
60000,60,39,41,419,42,42,10,420,569,48,49,420,42,412,1248,40,0,40,419,0
26000,60,39,43,414,42,41,25,411,62,42,42,414,41,415,594,41,0,43,419,0
15000,60,33,41,413,42,42,10,412,759,43,42,419,42,422,471,40,0,40,411,0
5000,10,29,43,410,41,40,10,412,0,0,42,0,44,0,312,41,0,40,419,0
20000,60,34,43,412,41,40,10,404,281,43,42,413,42,417,1218,41,0,40,416,0
25000,60,52,43,413,42,43,10,404,0,0,42,0,44,0,78,40,0,40,412,1
20000,24,24,43,412,42,42,10,410,0,0,42,0,41,0,1342,41,0,40,419,0
30000,60,23,43,413,41,40,10,417,0,0,42,0,43,0,269,40,0,40,412,0
10000,36,34,43,416,42,42,10,411,10,43,42,426,47,415,1311,40,0,40,419,0
30000,60,32,41,419,42,42,25,410,0,0,42,0,44,0,466,40,0,41,412,0
15000,60,43,43,419,43,42,10,412,0,0,42,0,42,0,46,41,0,40,418,0
10000,60,44,42,418,41,41,10,411,67,46,42,416,41,417,775,41,0,40,419,0
10000,24,35,43,414,42,44,10,412,737,42,42,414,41,416,1157,40,0,40,419,0
40000,36,34,42,412,41,40,10,420,0,0,42,0,41,0,1063,41,0,40,419,0
25000,48,36,43,417,42,42,10,431,0,0,42,0,46,0,471,41,0,40,412,1
60000,36,26,42,415,41,40,10,412,0,0,42,0,41,0,1179,40,0,40,412,0
9000,11,48,43,415,43,40,25,412,681,47,48,417,44,420,1472,41,0,40,412,0
20000,36,27,43,412,41,40,25,420,0,0,42,0,42,0,1472,40,0,43,416,0
30000,60,44,43,419,42,42,25,420,413,46,45,418,46,416,1064,40,0,41,412,0
55000,60,37,42,418,41,40,10,420,0,0,48,0,44,0,1311,40,0,40,415,0
10000,36,38,41,412,43,42,10,404,132,43,42,414,42,417,734,41,0,41,412,0
6000,8,34,42,412,41,40,10,411,5,43,42,413,42,421,1056,40,0,43,412,0
60000,60,32,41,410,42,42,1,410,963,47,41,423,44,417,356,41,0,40,414,0
40000,60,33,43,410,42,41,25,412,0,0,42,0,43,0,1344,41,0,40,412,0
20000,48,31,43,415,42,41,25,412,0,0,42,0,42,0,153,41,0,41,412,0
60000,60,37,41,418,42,46,25,410,784,47,42,428,42,417,594,40,0,40,419,1
20000,60,24,43,411,41,40,10,412,685,42,47,412,41,412,734,40,0,40,412,0
60000,60,30,43,416,42,44,25,410,923,43,42,427,46,411,400,40,0,40,412,0
50000,60,49,43,414,43,43,10,420,424,44,42,422,41,418,690,41,0,41,412,0
40000,48,22,43,415,41,40,10,412,0,0,42,0,44,0,1472,40,0,41,417,0
20000,24,24,43,412,42,42,25,417,0,0,44,0,43,0,257,40,0,40,412,0
50000,60,47,42,419,43,41,10,412,690,43,42,413,44,422,594,41,0,40,414,0
5000,10,35,42,410,42,41,10,410,0,0,42,0,42,0,701,40,0,41,412,0
52000,36,48,41,419,42,44,10,410,963,47,42,419,41,416,137,40,0,42,412,0
40000,60,39,41,419,42,42,10,420,0,0,45,0,42,0,1248,40,0,40,411,0
15000,24,27,43,410,42,40,10,412,410,45,41,428,41,418,217,41,0,40,412,0
10000,10,56,41,418,42,44,10,446,506,42,42,420,41,417,172,40,0,42,412,0
9000,11,22,42,413,41,40,10,412,0,0,42,0,41,0,1157,41,0,41,416,0
7000,8,25,41,411,41,40,25,404,30,43,43,411,42,414,18,40,0,40,412,0
60000,60,39,41,415,43,44,10,411,109,43,42,421,42,420,853,41,0,40,410,0
50000,48,49,41,419,42,43,25,411,143,46,49,428,44,422,269,40,0,40,411,1
30000,24,51,43,419,43,42,25,412,638,46,42,423,42,422,471,41,0,40,411,0
30000,60,44,41,416,42,40,10,420,558,43,42,419,44,416,864,40,0,40,417,1
60000,60,38,43,416,41,40,1,412,0,0,45,0,44,0,1344,40,0,40,419,0
10000,10,56,41,418,42,44,10,446,506,42,42,420,41,417,172,40,0,40,412,0
10000,60,51,41,419,42,41,10,404,280,43,42,416,44,422,722,41,0,40,419,0
25000,60,31,43,413,41,40,10,414,0,0,41,0,44,0,110,40,0,40,412,0
60000,60,35,41,413,42,43,25,420,0,0,42,0,47,0,1151,40,0,40,414,0
5000,11,31,43,416,43,41,10,412,747,42,42,415,42,413,722,41,0,42,412,0
60000,60,60,43,419,42,44,10,412,653,46,42,428,42,422,1255,40,0,40,419,0
25000,60,40,43,414,42,42,10,431,111,47,42,423,44,418,1178,40,0,40,412,0
60000,60,35,41,414,42,43,25,412,0,0,42,0,46,0,1151,40,0,40,414,0
25000,12,36,41,419,42,46,25,420,0,0,45,0,42,0,1248,40,0,40,415,0
15000,60,46,41,419,43,44,1,411,174,46,42,422,44,418,722,41,0,40,416,0
25000,36,59,41,419,42,40,10,412,576,46,42,428,44,418,1178,41,0,40,417,1
40000,24,56,41,419,42,40,1,431,8,45,42,423,46,422,1288,40,0,40,411,0
5000,11,37,41,414,42,43,10,412,0,0,42,0,42,0,527,41,0,40,416,0
10000,12,59,41,414,43,43,10,412,610,47,42,418,44,414,1472,40,0,40,410,0
5000,11,37,43,412,41,40,1,412,721,42,47,410,41,421,1284,40,0,40,418,0
40000,60,36,42,419,41,40,10,431,120,46,42,421,44,416,540,40,0,40,411,0
5000,10,29,42,417,41,40,25,411,0,0,44,0,43,0,1285,41,0,41,416,0
13000,12,33,42,411,41,40,25,412,712,43,42,414,44,412,1057,40,0,40,410,0
24000,60,27,43,411,41,40,25,410,833,46,42,418,44,418,1344,40,0,40,412,0
8000,11,37,41,419,41,40,1,412,0,0,47,0,41,0,1284,40,0,40,418,0
5000,6,31,43,410,42,41,1,404,140,43,42,421,44,414,1285,41,0,40,412,0
15000,24,37,43,412,42,43,10,412,0,0,42,0,42,0,400,40,0,41,412,0
10000,36,39,43,411,41,41,10,412,0,0,41,0,42,0,1284,41,0,40,412,0
12000,36,35,41,414,42,44,10,412,0,0,42,0,41,0,227,40,0,42,412,0
52000,60,58,43,410,43,43,10,410,0,0,42,0,41,0,153,41,0,40,414,0
60000,60,54,41,416,43,43,10,412,0,0,48,0,42,0,292,41,0,40,415,0
40000,60,52,42,419,43,40,25,420,494,43,42,415,46,414,1472,40,0,40,417,0
60000,60,23,41,413,43,40,10,410,981,43,42,413,42,417,386,41,0,40,412,0
20000,24,24,42,411,41,40,25,410,961,43,42,416,41,417,722,40,0,40,419,0
30000,36,30,43,413,41,40,25,454,97,42,42,416,44,413,1456,40,0,40,411,0
50000,60,52,43,419,42,41,25,412,474,47,42,428,45,422,1472,41,0,40,411,1
10000,24,26,42,411,41,40,25,412,685,42,42,413,44,419,1472,41,0,40,412,0
60000,24,39,41,415,43,42,10,412,0,0,42,0,42,0,153,41,0,40,415,0
30000,48,51,41,418,42,44,10,404,0,0,45,0,44,0,775,41,0,40,416,1
20000,24,49,41,419,42,43,10,417,643,48,42,424,41,422,706,40,0,41,411,0
50000,60,39,41,414,43,42,25,412,0,0,41,0,42,0,153,41,0,40,417,0
50000,60,39,41,414,43,42,25,412,0,0,42,0,42,0,153,41,0,40,417,0
45000,24,23,42,411,41,40,10,413,0,0,42,0,44,0,1288,40,0,40,412,0
55000,60,26,42,417,41,40,10,412,160,42,42,428,41,419,153,40,0,40,412,0
40000,60,44,43,412,42,41,10,412,0,0,42,0,44,0,144,41,0,40,411,0
10000,60,25,42,411,41,40,25,412,540,43,41,413,43,418,137,41,0,41,414,0
60000,60,25,42,411,41,40,25,412,576,43,42,419,44,419,1178,40,0,40,416,0
25000,60,29,42,418,41,40,25,412,474,44,42,418,46,420,1326,41,0,40,412,0
40000,60,36,41,414,42,45,10,417,669,43,42,424,42,422,1342,41,0,40,410,0
